Run,Sample Name,Grain_length
SRR1239601,C001,8.5
SRR1239602,C002,10.199999809
SRR1239603,C003,8.75
SRR1239604,C004,7.8299999237
SRR1239605,C005,10.470000267
SRR1239606,C006,8.1000003815
SRR1239607,C007,8.3500003815
SRR1239608,C008,7.6199998856
SRR1239609,C009,7.8299999237
SRR1239610,C010,9.6000003815
SRR1239611,C011,9.279999733
SRR1239612,C012,7.9499998093
SRR1239613,C013,7.9200000763
SRR1239614,C014,8.4799995422
SRR1239615,C015,9.4499998093
SRR1239616,C016,7.6300001144
SRR1239617,C017,8.0699996948
SRR1239618,C018,7.5700001717
SRR1239619,C019,7.9200000763
SRR1239620,C020,7.5300002098
SRR1239621,C021,7.4800000191
SRR1239622,C022,8.2700004578
SRR1239623,C023,7.8800001144
SRR1239624,C024,8.2299995422
SRR1239625,C025,8.1499996185
SRR1239626,C026,7.5799999237
SRR1239627,C027,10.079999924
SRR1239628,C028,7.2300000191
SRR1239629,C029,7.7699999809
SRR1239630,C030,10.380000114
SRR1239631,C031,9.1199998856
SRR1239632,C032,8.1300001144
SRR1239633,C033,7.4200000763
SRR1239634,C034,8.4499998093
SRR1239635,C035,8.6000003815
SRR1239636,C036,9.6700000763
SRR1239637,C037,7.8299999237
SRR1239638,C038,9.5500001907
SRR1239639,C039,8.220000267
SRR1239640,C040,7.6199998856
SRR1239641,C041,8.1199998856
SRR1239642,C042,7.6500000954
SRR1239643,C043,8.1700000763
SRR1239644,C044,10.0
SRR1239645,C045,8.029999733
SRR1239646,C046,10.300000191
SRR1239647,C047,7.9000000954
SRR1239648,C048,7.9499998093
SRR1239649,C049,10.220000267
SRR1239650,C050,10.100000381
SRR1239651,C051,9.029999733
SRR1239652,C052,7.7199997902
SRR1239653,C053,10.5
SRR1239654,C054,8.1499996185
SRR1239655,C055,7.9000000954
SRR1239656,C056,8.220000267
SRR1239657,C057,8.0799999237
SRR1239658,C058,7.8699998856
SRR1239659,C059,7.5999999046
SRR1239660,C060,8.6800003052
SRR1239661,C061,9.6800003052
SRR1239662,C062,9.1199998856
SRR1239663,C063,7.2699999809
SRR1239664,C064,7.4299998283
SRR1239665,C065,7.9800000191
SRR1239666,C066,7.5500001907
SRR1239667,C067,7.9200000763
SRR1239668,C068,9.6999998093
SRR1239669,C069,9.4799995422
SRR1239670,C070,7.6799998283
SRR1239671,C071,7.7300000191
SRR1239672,C072,8.1999998093
SRR1239673,C073,8.3500003815
SRR1239674,C074,9.7700004578
SRR1239675,C075,7.9499998093
SRR1239676,C076,7.6700000763
SRR1239677,C077,8.1000003815
SRR1239678,C078,8.470000267
SRR1239679,C079,7.3699998856
SRR1239680,C080,7.5799999237
SRR1239681,C081,8.4200000763
SRR1239682,C082,9.0500001907
SRR1239683,C083,8.8699998856
SRR1239684,C084,10.329999924
SRR1239685,C085,8.3999996185
SRR1239686,C086,7.8699998856
SRR1239687,C087,8.3299999237
SRR1239688,C088,7.4200000763
SRR1239689,C089,7.4200000763
SRR1239690,C090,10.369999886
SRR1239691,C091,8.8199996948
SRR1239692,C092,8.720000267
SRR1239693,C093,7.9699997902
SRR1239694,C094,7.3800001144
SRR1239695,C095,7.8499999046
SRR1239696,C096,8.6300001144
SRR1239697,C097,8.6499996185
SRR1239698,C098,8.0200004578
SRR1239699,C099,7.8299999237
SRR1239700,C100,8.7700004578
SRR1239701,C101,6.8499999046
SRR1239702,C102,7.3800001144
SRR1239703,C103,8.0500001907
SRR1239704,C104,7.8699998856
SRR1239705,C105,8.6800003052
SRR1239706,C106,7.4800000191
SRR1239707,C107,7.7800002098
SRR1239708,C108,8.1300001144
SRR1239709,C109,9.5699996948
SRR1239710,C110,8.3800001144
SRR1239711,C111,7.5199999809
SRR1239712,C112,8.8000001907
SRR1239713,C113,8.3500003815
SRR1239714,C114,10.0
SRR1239715,C115,10.229999542
SRR1239716,C116,7.1199998856
SRR1239717,C117,10.350000381
SRR1239718,C118,8.8999996185
SRR1239719,C119,7.8800001144
SRR1239720,C120,7.0199999809
SRR1239721,C121,8.2700004578
SRR1239722,C122,7.6300001144
SRR1239723,C123,9.3000001907
SRR1239724,C124,8.5799999237
SRR1239725,C125,8.9499998093
SRR1239727,C127,8.5799999237
SRR1239728,C128,8.9200000763
SRR1239729,C129,8.5699996948
SRR1239730,C130,7.7300000191
SRR1239731,C131,7.8800001144
SRR1239732,C132,9.0
SRR1239733,C133,7.5300002098
SRR1239734,C134,7.3000001907
SRR1239735,C135,8.3999996185
SRR1239736,C136,8.5500001907
SRR1239737,C137,10.020000458
SRR1239738,C138,8.6300001144
SRR1239739,C139,8.4499998093
SRR1239740,C140,7.4000000954
SRR1239741,C141,8.3299999237
SRR1239742,C142,7.7199997902
SRR1239743,C143,8.7299995422
SRR1239744,C144,7.6300001144
SRR1239745,C145,8.029999733
SRR1239746,C146,7.8800001144
SRR1239747,C147,10.329999924
SRR1239748,C148,10.0
SRR1239749,C149,8.3999996185
SRR1239750,C150,7.5199999809
SRR1239751,C151,9.1999998093
SRR1239752,C152,7.1300001144
SRR1239753,C153,9.279999733
SRR1239754,C154,7.0300002098
SRR1239755,C155,7.5
SRR1239756,C156,7.9200000763
SRR1239757,C157,8.9200000763
SRR1239758,C158,8.3299999237
SRR1239759,C159,8.3999996185
SRR1239760,C160,9.6300001144
SRR1239761,C161,8.779999733
SRR1239762,C162,8.8299999237
SRR1239763,C163,9.779999733
SRR1239764,C164,8.5200004578
SRR1239765,C165,7.9800000191
SRR1239766,C166,10.079999924
SRR1239767,C167,7.7199997902
SRR1239768,C168,7.6999998093
SRR1239769,C169,8.1700000763
SRR1239770,C170,7.5999999046
SRR1239771,C171,8.1199998856
SRR1239772,C172,7.6999998093
SRR1239773,C173,8.4499998093
SRR1239774,C174,9.7700004578
SRR1239775,C175,9.5200004578
SRR1239776,C176,7.8000001907
SRR1239777,C177,8.4499998093
SRR1239778,C178,8.0500001907
SRR1239779,C179,8.2700004578
SRR1239780,C180,7.9299998283
SRR1239781,C181,8.0699996948
SRR1239782,C182,8.1999998093
SRR1239783,C183,9.3800001144
SRR1239784,C184,8.9300003052
SRR1239785,C185,8.3299999237
SRR1239786,C186,9.470000267
SRR1239787,C187,7.9000000954
SRR1239788,C188,7.3699998856
SRR1239789,C189,8.8000001907
SRR1239790,C190,8.1199998856
SRR1239791,C191,7.7699999809
SRR1239792,C192,8.5200004578
SRR1239793,C193,7.5300002098
SRR1239794,C194,8.3699998856
SRR1239795,C195,7.3800001144
SRR1239796,C196,8.2299995422
SRR1239797,C197,8.1700000763
SRR1239798,C198,8.2299995422
SRR1239799,C199,8.1499996185
SRR1239800,C200,8.1000003815
SRR1239801,C201,7.6999998093
SRR1239802,C202,7.9200000763
SRR1239803,C203,7.7300000191
SRR1239804,W001,6.8899998665
SRR1239805,W002,9.529999733
SRR1239806,W003,9.4399995804
SRR1239807,W004,8.3400001526
SRR1239808,W005,7.7899999619
SRR1239809,W006,9.6800003052
SRR1239810,W007,9.6800003052
SRR1239811,W008,9.25
SRR1239812,W009,9.1099996567
SRR1239813,W010,8.5
SRR1239814,W011,7.75
SRR1239815,W012,7.8400001526
SRR1239816,W013,7.1300001144
SRR1239817,W014,9.0900001526
SRR1239818,W015,8.1300001144
SRR1239819,W016,7.25
SRR1239820,W017,9.4600000381
SRR1239821,W018,8.5600004196
SRR1239822,W019,9.4899997711
SRR1239823,W020,8.8000001907
SRR1239824,W021,9.3400001526
SRR1239825,W022,8.3900003433
SRR1239826,W023,7.9200000763
SRR1239827,W024,8.529999733
SRR1239828,W025,7.9400000572
SRR1239829,W026,7.7699999809
SRR1239830,W027,8.1199998856
SRR1239831,W028,8.5900001526
SRR1239832,W029,7.3099999428
SRR1239833,W030,7.5599999428
SRR1239834,W031,8.0
SRR1239835,W032,7.7899999619
SRR1239836,W033,7.7899999619
SRR1239837,W034,8.9200000763
SRR1239838,W035,8.470000267
SRR1239839,W036,8.1400003433
SRR1239840,W037,9.4600000381
SRR1239841,W038,8.0200004578
SRR1239842,W039,8.970000267
SRR1239843,W040,9.2899999619
SRR1239844,W041,9.8100004196
SRR1239845,W042,8.1899995804
SRR1239846,W043,9.4399995804
SRR1239847,W044,9.5200004578
SRR1239848,W045,8.5699996948
SRR1239849,W046,9.1000003815
SRR1239850,W047,8.470000267
SRR1239851,W048,7.6399998665
SRR1239852,W049,8.220000267
SRR1239853,W050,8.9200000763
SRR1239854,W051,9.8699998856
SRR1239855,W052,10.239999771
SRR1239856,W053,9.9399995804
SRR1239857,W054,9.220000267
SRR1239858,W055,8.5
SRR1239859,W056,6.5799999237
SRR1239860,W057,9.3900003433
SRR1239861,W058,7.3499999046
SRR1239862,W059,7.5799999237
SRR1239863,W060,7.5900001526
SRR1239864,W061,9.4099998474
SRR1239865,W062,8.720000267
SRR1239866,W063,10.369999886
SRR1239867,W064,7.7899999619
SRR1239868,W065,9.6599998474
SRR1239869,W066,8.7100000381
SRR1239870,W067,10.18999958
SRR1239871,W068,7.9899997711
SRR1239872,W069,9.0699996948
SRR1239873,W070,9.7100000381
SRR1239874,W071,7.7600002289
SRR1239875,W072,9.0699996948
SRR1239876,W073,9.6999998093
SRR1239877,W074,8.029999733
SRR1239878,W075,8.0
SRR1239879,W076,7.4000000954
SRR1239880,W077,10.140000343
SRR1239881,W078,8.2700004578
SRR1239882,W079,9.3999996185
SRR1239883,W080,8.4600000381
SRR1239884,W081,9.1700000763
SRR1239885,W082,8.470000267
SRR1239886,W083,9.3599996567
SRR1239887,W084,8.470000267
SRR1239888,W085,7.6799998283
SRR1239889,W086,9.529999733
SRR1239890,W087,8.3299999237
SRR1239891,W088,7.5300002098
SRR1239892,W089,8.5600004196
SRR1239893,W090,7.8099999428
SRR1239894,W091,7.3099999428
SRR1239895,W092,7.75
SRR1239896,W093,8.8999996185
SRR1239897,W094,8.7700004578
SRR1239898,W095,7.3800001144
SRR1239899,W096,8.0900001526
SRR1239900,W097,7.5100002289
SRR1239901,W098,7.9200000763
SRR1239902,W099,7.8200001717
SRR1239903,W100,7.5
SRR1239904,W101,8.5
SRR1239905,W102,9.4300003052
SRR1239906,W103,8.0500001907
SRR1239907,W104,7.5599999428
SRR1239908,W105,9.029999733
SRR1239909,W106,8.4200000763
SRR1239910,W107,9.1499996185
SRR1239911,W108,7.3200001717
SRR1239912,W109,7.75
SRR1239913,W110,8.4799995422
SRR1239914,W111,9.0900001526
SRR1239915,W112,8.220000267
SRR1239916,W113,8.779999733
SRR1239917,W114,9.0699996948
SRR1239918,W115,8.3900003433
SRR1239919,W116,9.1999998093
SRR1239920,W117,7.6199998856
SRR1239921,W118,10.369999886
SRR1239922,W119,9.1999998093
SRR1239923,W120,8.1199998856
SRR1239924,W121,8.3299999237
SRR1239925,W122,8.8900003433
SRR1239926,W123,9.1800003052
SRR1239927,W124,7.6599998474
SRR1239928,W125,8.0500001907
SRR1239929,W126,8.2100000381
SRR1239930,W127,8.6400003433
SRR1239931,W128,8.5
SRR1239932,W129,9.4600000381
SRR1239933,W130,9.279999733
SRR1239934,W131,7.1799998283
SRR1239935,W132,7.4299998283
SRR1239936,W133,8.8599996567
SRR1239937,W134,9.6999998093
SRR1239938,W135,8.029999733
SRR1239939,W136,8.4099998474
SRR1239940,W137,9.9300003052
SRR1239941,W138,8.25
SRR1239942,W139,7.3299999237
SRR1239943,W140,8.4899997711
SRR1239944,W141,8.9099998474
SRR1239945,W142,7.6100001335
SRR1239946,W143,8.029999733
SRR1239947,W144,8.3299999237
SRR1239948,W145,7.9499998093
SRR1239949,W146,7.7600002289
SRR1239950,W147,9.0699996948
SRR1239951,W148,8.029999733
SRR1239952,W149,9.5399999619
SRR1239953,W150,9.3699998856
SRR1239954,W151,8.470000267
SRR1239955,W152,9.9899997711
SRR1239956,W153,9.720000267
SRR1239957,W154,8.3999996185
SRR1239958,W155,8.75
SRR1239959,W156,7.9099998474
SRR1239960,W157,8.0
SRR1239961,W158,8.220000267
SRR1239962,W159,8.4499998093
SRR1239963,W160,6.8499999046
SRR1239964,W161,8.8400001526
SRR1239965,W162,6.9099998474
SRR1239966,W163,7.9400000572
SRR1239967,W164,8.8900003433
SRR1239968,W165,7.7699999809
SRR1239969,W166,8.1700000763
SRR1239970,W167,8.4300003052
SRR1239971,W168,9.1199998856
SRR1239972,W169,9.1199998856
SRR1239973,W170,9.6300001144
SRR1239974,W171,7.9899997711
SRR1239975,W172,10.760000229
SRR1239976,W173,10.449999809
SRR1239977,W174,7.9600000381
SRR1239978,W175,9.779999733
SRR1239979,W176,8.3100004196
SRR1239980,W177,8.3299999237
SRR1239981,W178,7.9400000572
SRR1239982,W179,8.7299995422
SRR1239983,W180,8.279999733
SRR1239984,W181,9.2899999619
SRR1239985,W182,8.3400001526
SRR1239986,W183,9.2399997711
SRR1239987,W184,9.1999998093
SRR1239988,W185,9.8699998856
SRR1239989,W186,
SRR1239990,W187,
SRR1239991,W188,9.9399995804
SRR1239992,W189,8.9099998474
SRR1239994,W191,10.970000267
SRR1239995,W192,9.3299999237
SRR1239996,W193,9.1300001144
SRR1239997,W194,9.4200000763
SRR1239998,W195,10.859999657
SRR1240000,W197,8.6000003815
SRR1240001,W198,8.720000267
SRR1240002,W199,9.970000267
SRR1240003,W200,9.7600002289
SRR1240004,W201,10.069999695
SRR1240005,W202,10.010000229
SRR1240006,W203,8.779999733
SRR1240007,W204,7.8899998665
SRR1240008,W205,7.8699998856
SRR1240009,W206,10.640000343
SRR1240010,W207,8.0699996948
SRR1240011,W208,7.5700001717
SRR1240012,W209,7.4400000572
SRR1240013,W210,8.2399997711
SRR1240014,W211,9.1199998856
SRR1240015,W212,7.3800001144
SRR1240016,W213,8.4499998093
SRR1240017,W214,9.470000267
SRR1240018,W215,9.3599996567
SRR1240019,W216,9.1400003433
SRR1240020,W217,7.9600000381
SRR1240021,W218,8.0799999237
SRR1240022,W219,9.7700004578
SRR1240023,W220,9.5200004578
SRR1240024,W221,8.970000267
SRR1240025,W222,9.7700004578
SRR1240026,W223,9.1899995804
SRR1240027,W224,8.8500003815
SRR1240028,W225,9.5600004196
SRR1240029,W226,8.8699998856
SRR1240030,W227,10.289999962
SRR1240031,W228,10.380000114
SRR1240032,W229,9.6199998856
SRR1240033,W230,9.3199996948
SRR1240034,W231,8.6899995804
SRR1240036,W233,8.1700000763
SRR1240037,W234,8.3699998856
SRR1240038,W235,7.6100001335
SRR1240039,W236,10.100000381
SRR1240040,W237,9.5799999237
SRR1240041,W238,9.2399997711
SRR1240042,W239,8.1899995804
SRR1240043,W240,9.8400001526
SRR1240044,W241,8.8500003815
SRR1240045,W242,9.5600004196
SRR1240046,W243,9.9899997711
SRR1240047,W244,9.9399995804
SRR1240048,W245,9.0399999619
SRR1240049,W246,8.8900003433
SRR1240050,W247,8.279999733
SRR1240051,W248,8.8699998856
SRR1240052,W249,9.6999998093
SRR1240053,W250,9.7600002289
SRR1240054,W251,8.5
SRR1240055,W252,9.3000001907
SRR1240056,W253,10.039999962
SRR1240057,W254,9.7700004578
SRR1240058,W255,10.029999733
SRR1240059,W256,8.2600002289
SRR1240060,W257,9.75
SRR1240061,W258,8.1499996185
SRR1240062,W259,10.270000458
SRR1240063,W260,9.0500001907
SRR1240064,W261,7.5799999237
SRR1240065,W262,7.3499999046
SRR1240066,W263,8.3500003815
SRR1240067,W264,7.9899997711
SRR1240068,W265,8.6000003815
SRR1240069,W266,7.4099998474
SRR1240070,W267,8.8400001526
SRR1240071,W268,7.9000000954
SRR1240072,W269,8.1000003815
SRR1240073,W270,7.6799998283
SRR1240074,W271,8.8199996948
SRR1240075,W272,8.7100000381
SRR1240076,W273,7.4499998093
SRR1240077,W274,7.3699998856
SRR1240078,W275,6.1300001144
SRR1240079,W276,8.1700000763
SRR1240080,W277,8.720000267
SRR1240081,W278,8.6700000763
SRR1240082,W279,7.9899997711
SRR1240083,W280,8.3800001144
SRR1240084,W281,7.9299998283
SRR1240085,W282,
SRR1240086,W283,7.3899998665
SRR1240087,W284,7.8699998856
SRR1240088,W285,8.970000267
SRR1240089,W286,8.7100000381
SRR1240090,W287,8.25
SRR1240091,W288,10.369999886
SRR1240092,W289,9.6099996567
SRR1240093,W290,7.5300002098
SRR1240094,W291,
SRR1240095,W292,7.5799999237
SRR1240096,W293,8.8599996567
SRR1240097,W294,8.4399995804
SRR1240098,W295,9.75
SRR1240099,W296,8.3800001144
SRR1240100,W297,7.9800000191
SRR1240101,W298,9.4600000381
SRR1240102,W299,7.8200001717
SRR1240103,W300,8.9099998474
SRR1240104,W301,9.8699998856
SRR1240105,W302,8.0699996948
SRR1240106,W303,9.4200000763
SRR1240107,W304,8.75
SRR1240108,W305,7.8000001907
SRR1240109,W306,9.0399999619
SRR1240110,W307,9.4200000763
SRR1240111,W308,9.4499998093
SRR1240112,W309,10.159999847
SRR1240113,W310,8.6700000763
SRR1240114,W311,9.3400001526
SRR1240115,W312,9.5100002289
SRR1240116,W313,9.9300003052
SRR1240117,W314,9.3500003815
SRR1240118,W315,9.4799995422
SRR1240119,W316,10.770000458
SRR1240120,W317,9.5900001526
SRR1240121,W318,8.4300003052
SRR1240122,W319,8.3000001907
SRR1240123,W320,8.0200004578
SRR1240124,W321,7.8600001335
SRR1240125,W322,8.6000003815
SRR1240126,W323,8.6199998856
SRR1240127,W324,8.8299999237
SRR1240128,W325,7.1900000572
SRR1240129,W326,8.4399995804
SRR1240130,W327,7.2199997902
SRR1240131,W328,10.130000114
SRR1240132,W329,8.4499998093
SRR1240133,W330,8.2100000381
ERR478341,Z905,9.8435
ERR478342,Z906,9.447
ERR478343,Z907,9.8885
ERR478344,Z908,10.387
ERR478345,Z909,9.322
ERR478347,Z911,8.600999999999999
ERR478348,Z912,10.004999999999999
ERR478349,Z913,9.588999999999999
ERR478350,Z914,9.32
ERR478351,Z915,9.271999999999998
ERR478352,Z916,9.515999999999998
ERR478353,Z917,9.700500000000002
ERR478354,Z918,9.32
ERR478355,Z919,9.259
ERR478358,Z923,9.443
ERR478484,Z1049,8.933499999999999
ERR478485,Z1050,8.355500000000001
ERR478486,Z1051,9.285499999999999
ERR478487,Z1052,9.190999999999999
ERR478488,Z1053,9.398
ERR478489,Z1054,9.162500000000001
ERR478490,Z1055,8.510000000000002
ERR478526,Z1091,7.851999999999999
ERR478527,Z1092,8.092
ERR478529,Z1094,9.614
ERR478530,Z1095,9.212499999999999
ERR478531,Z1096,7.9559999999999995
ERR478536,Z1101,7.8309999999999995
ERR478599,Z1167,9.198
ERR478600,Z1168,8.1355
ERR478633,Z1201,9.781
ERR478634,Z1202,9.5045
ERR478635,Z1203,9.6135
ERR478636,Z1204,9.3895
ERR478637,Z1205,8.693
ERR478638,Z1206,8.68
ERR478639,Z1207,7.4835
ERR478640,Z1208,7.9575000000000005
ERR478641,Z1209,9.539000000000001
ERR478642,Z1210,8.681000000000001
ERR478643,Z1211,10.233
ERR478644,Z1212,8.224499999999999
ERR478645,Z1213,8.5345
ERR478646,Z1214,8.1565
ERR478647,Z1215,8.431000000000001
ERR478648,Z1216,8.4025
ERR478649,Z1217,9.531
ERR478650,Z1218,9.395
ERR478651,Z1219,9.616
ERR478652,Z1220,9.3155
ERR478653,Z1221,9.1305
ERR478654,Z1222,9.280999999999999
ERR478655,Z1223,9.624500000000001
ERR478656,Z1224,9.3785
ERR478657,Z1225,9.6645
ERR478658,Z1226,9.306000000000001
ERR478659,Z1227,9.431000000000001
ERR478660,Z1228,8.541
ERR478661,Z1229,8.263
ERR478662,Z1230,8.317
ERR478663,Z1231,8.629999999999999
ERR478664,Z1232,8.284500000000001
ERR478665,Z1233,9.5565
ERR478666,Z1234,9.3885
ERR478667,Z1235,9.280000000000001
ERR478668,Z1236,9.586
ERR478669,Z1237,9.404499999999999
ERR478670,Z1238,9.264
ERR478671,Z1239,10.1995
ERR478672,Z1240,10.3
ERR478673,Z1241,10.225999999999999
ERR478674,Z1242,9.7095
ERR478675,Z1243,9.7995
ERR478676,Z1244,9.79
ERR478677,Z1245,9.492
ERR478678,Z1246,9.265
ERR478679,Z1247,8.233
ERR478680,Z1248,8.7835
ERR478681,Z1249,8.371500000000001
ERR478682,Z1250,9.126000000000001
ERR478683,Z1251,8.301
ERR478684,Z1252,9.5
ERR478685,Z1253,9.1345
ERR478686,Z1254,8.088000000000001
ERR478687,Z1255,9.56
ERR478688,Z1256,9.165500000000002
ERR478689,Z1257,9.2065
ERR478690,Z1258,9.123999999999999
ERR478691,Z1259,7.211
ERR478692,Z1260,8.79
ERR478693,Z1261,9.206499999999998
ERR478694,Z1262,8.903500000000001
ERR478695,Z1263,7.5365
ERR478696,Z1264,8.976
ERR478697,Z1265,7.6605
ERR478698,Z1266,9.8505
ERR478699,Z1267,9.0795
ERR478700,Z1268,9.595500000000001
ERR478701,Z1269,8.906
ERR478702,Z1270,8.645
ERR478703,Z1271,9.517
ERR478704,Z1272,9.886500000000002
ERR478705,Z1273,9.2375
ERR478706,Z1274,9.6075
ERR478707,Z1275,9.5255
ERR478708,Z1276,8.5015
ERR478709,Z1277,9.635
ERR478710,Z1278,9.225000000000001
ERR478711,Z1279,9.560500000000001
ERR478712,Z1280,7.7905
ERR478713,Z1281,8.48
ERR478714,Z1282,9.1105
ERR478715,Z1283,9.810500000000001
ERR478716,Z1284,9.668
ERR478717,Z1285,8.3965
ERR478718,Z1286,8.1045
ERR478719,Z1287,9.589500000000001
ERR478720,Z1288,9.315999999999999
ERR478721,Z1289,9.4185
ERR478722,Z1290,9.4505
ERR478723,Z1291,8.562
ERR478724,Z1292,8.372
ERR478725,Z1293,9.556999999999999
ERR478726,Z1294,9.464500000000001
ERR478727,Z1295,9.0615
ERR478728,Z1296,9.0075
ERR478729,Z1297,8.054
ERR478730,Z1298,8.7395
ERR478731,Z1299,8.318
ERR478732,Z1300,8.9795
ERR478733,Z1301,8.304
ERR478734,Z1302,7.9025
ERR478735,Z1303,9.081
ERR478736,Z1304,7.8145
ERR478737,Z1305,9.5095
ERR478738,Z1306,9.125499999999999
ERR478739,Z1307,9.237
ERR478740,Z1308,9.059
ERR478741,Z1309,7.41
ERR478742,Z1310,9.3955
ERR478743,Z1311,8.879999999999999
ERR478744,Z1312,9.403500000000001
ERR478745,Z1313,9.829
ERR478746,Z1314,9.5185
ERR478747,Z1315,8.671
ERR478748,Z1316,9.716000000000001
ERR478749,Z1317,8.9485
ERR478750,Z1318,9.1695
ERR478751,Z1319,10.063500000000001
ERR478752,Z1320,9.959499999999998
ERR478753,Z1321,9.1005
ERR478754,Z1322,9.271
ERR478755,Z1323,10.0335
ERR478756,Z1324,11.316500000000001
ERR478757,Z1325,9.4865
ERR478758,Z1326,8.848500000000001
ERR478759,Z1327,10.2005
ERR478760,Z1328,9.8855
ERR478761,Z1329,9.6755
ERR478762,Z1330,9.535499999999999
ERR478763,Z1331,9.645
ERR478764,Z1332,8.5095
ERR478765,Z1333,9.818000000000001
ERR478766,Z1334,9.699
ERR478767,Z1335,9.286999999999999
ERR478768,Z1336,9.182500000000001
ERR478769,Z1337,10.382000000000001
ERR478770,Z1338,10.265
ERR478771,Z1339,9.431999999999999
ERR478772,Z1340,9.771999999999998
ERR478773,Z1341,9.841999999999999
ERR478774,Z1342,10.44
ERR478775,Z1343,10.004
ERR478776,Z1344,9.5535
ERR478777,Z1345,9.9285
ERR478778,Z1346,10.003499999999999
ERR478779,Z1347,9.2875
ERR478780,Z1348,9.6425
ERR478781,Z1349,9.5335
ERR478782,Z1350,9.511500000000002
ERR478783,Z1351,8.0425
ERR478784,Z1352,10.190999999999999
ERR478785,Z1353,10.253
ERR478786,Z1354,10.088000000000001
ERR478787,Z1355,9.7645
ERR478788,Z1356,9.2425
ERR478789,Z1357,10.0025
ERR478790,Z1358,9.625
ERR478791,Z1359,8.98
ERR478792,Z1360,10.2135
ERR478793,Z1361,10.0335
ERR478794,Z1362,9.696
ERR478795,Z1363,10.088999999999999
ERR478796,Z1364,9.619
ERR478797,Z1365,10.018
ERR478798,Z1366,10.067
ERR478799,Z1367,9.999
ERR478800,Z1368,9.744
ERR478801,Z1369,9.646
ERR478802,Z1370,8.458
ERR478803,Z1371,9.8545
ERR478804,Z1372,10.065999999999999
ERR478805,Z1373,9.997
ERR478806,Z1374,9.856000000000002
ERR478807,Z1375,9.3205
ERR478808,Z1376,9.8455
ERR478809,Z1377,9.4955
ERR478810,Z1378,9.7005
ERR478811,Z1379,9.216999999999999
ERR478812,Z1380,9.0765
ERR478813,Z1381,9.608
ERR478814,Z1382,9.314499999999999
ERR478815,Z1383,9.192499999999999
ERR478816,Z1384,9.807500000000001
ERR478817,Z1385,8.313
ERR478818,Z1386,9.257
ERR478819,Z1387,9.834
ERR478820,Z1388,10.225999999999999
ERR478821,Z1389,9.8905
ERR478822,Z1390,9.8015
ERR478823,Z1391,9.317499999999999
ERR478824,Z1392,9.8645
ERR478825,Z1393,9.059000000000001
ERR478826,Z1394,9.403500000000001
ERR478827,Z1395,9.344999999999999
ERR478828,Z1396,9.567
ERR478829,Z1397,9.559000000000001
ERR478830,Z1398,9.2425
ERR478831,Z1399,9.329
ERR478832,Z1400,9.4475
ERR478833,Z1401,9.3385
ERR478834,Z1402,9.085
ERR478835,Z1403,9.654
ERR478836,Z1404,9.61
ERR478837,Z1405,9.154
ERR478838,Z1406,9.682
ERR478839,Z1407,9.972
ERR478840,Z1408,10.0135
ERR478841,Z1409,9.216000000000001
ERR478842,Z1410,9.104
ERR478843,Z1411,9.6615
ERR478844,Z1412,8.022
ERR478845,Z1413,9.283000000000001
ERR478846,Z1414,9.166
ERR478847,Z1415,9.928999999999998
ERR478848,Z1416,9.3605
ERR478849,Z1417,9.6725
ERR478850,Z1418,9.695
ERR478851,Z1419,9.558
ERR478852,Z1420,9.894
ERR478853,Z1421,9.4885
ERR478854,Z1422,9.29
ERR478855,Z1423,9.1555
ERR478856,Z1424,9.02
ERR478857,Z1425,9.4885
ERR478858,Z1426,9.072
ERR478859,Z1427,9.6265
ERR478860,Z1428,9.1845
ERR478861,Z1429,9.881
ERR478862,Z1430,9.16
ERR478863,Z1431,9.5275
ERR478864,Z1432,9.5525
ERR478865,Z1433,9.951
ERR478866,Z1434,9.558499999999999
ERR478867,Z1435,9.8795
ERR478868,Z1436,9.523
ERR478869,Z1437,8.5595
ERR478870,Z1438,10.1225
ERR478871,Z1439,9.339500000000001
ERR478872,Z1440,9.741499999999998
ERR478873,Z1441,9.267499999999998
ERR478874,Z1442,9.141
ERR478875,Z1443,9.207999999999998
ERR478876,Z1444,9.504999999999999
ERR478877,Z1445,9.9835
ERR478878,Z1446,9.418
ERR478879,Z1447,9.7785
ERR478880,Z1448,10.276
ERR478881,Z1449,9.573
ERR478882,Z1450,8.826
ERR478883,Z1451,9.5215
ERR478884,Z1452,9.749195499999999
ERR478885,Z1453,9.227
ERR478886,Z1454,9.4745
ERR478887,Z1455,9.3485
ERR478888,Z1456,8.677
ERR478889,Z1457,9.68
ERR478890,Z1458,9.8635
ERR478891,Z1459,9.317
ERR478892,Z1460,8.5365
ERR478893,Z1461,9.4995
ERR478894,Z1462,9.2935
ERR478895,Z1463,10.053
ERR478896,Z1464,9.474
ERR478897,Z1465,9.323
ERR478898,Z1466,8.9185
ERR478899,Z1467,8.5095
ERR478900,Z1468,9.065000000000001
ERR478901,Z1469,9.714500000000001
ERR478902,Z1470,9.459499999999998
ERR478903,Z1471,8.8035
ERR478904,Z1472,8.818999999999999
ERR478905,Z1473,9.8165
ERR478906,Z1474,9.436499999999999
ERR478907,Z1475,9.2355
ERR478908,Z1476,9.256499999999999
ERR478909,Z1477,10.143
ERR478910,Z1478,9.213999999999999
ERR478911,Z1479,9.338000000000001
ERR478912,Z1480,9.088000000000001
ERR478913,Z1481,9.4925
ERR478914,Z1482,9.0925
ERR478915,Z1483,9.132
ERR478916,Z1484,8.7395
ERR478917,Z1485,8.2775
ERR478918,Z1486,7.9959999999999996
ERR478919,Z1487,9.538
ERR478920,Z1488,8.6965
ERR478921,Z1489,9.878499999999999
ERR478922,Z1490,9.42
ERR478923,Z1491,9.663499999999999
ERR478924,Z1492,9.3455
ERR478925,Z1493,9.92
ERR478926,Z1494,9.0535
ERR478927,Z1495,9.432500000000001
ERR478928,Z1496,9.6665
ERR478929,Z1497,10.2165
ERR478930,Z1498,9.3455
ERR478931,Z1499,8.623999999999999
ERR478932,Z1500,9.4155
ERR478933,Z1501,9.326
ERR478934,Z1502,10.5135
ERR478935,Z1503,9.349499999999999
ERR478936,Z1504,9.215
ERR478569,Z1135,7.868500000000001
ERR478570,Z1136,8.148
ERR478571,Z1137,9.2935
ERR478572,Z1138,8.0985
ERR478573,Z1139,8.835
ERR478574,Z1140,8.902000000000001
ERR478575,Z1141,9.5215
ERR478576,Z1142,8.958
ERR478577,Z1143,8.4545
ERR478578,Z1144,10.8255
ERR478579,Z1145,9.035
ERR478580,Z1147,9.5845
ERR478581,Z1148,9.466
ERR478582,Z1149,9.808
ERR478583,Z1150,9.1695
ERR478584,Z1151,8.969
ERR478585,Z1152,8.436
ERR478586,Z1153,8.328
ERR478587,Z1154,8.1355
ERR478588,Z1155,9.342500000000001
ERR478589,Z1156,8.2625
ERR478590,Z1157,9.222
ERR478591,Z1159,9.616
ERR478592,Z1160,8.1325
ERR478593,Z1161,9.4115
ERR478594,Z1162,8.67
ERR478595,Z1163,8.338000000000001
ERR478596,Z1164,8.695
ERR478597,Z1165,9.7625
ERR478598,Z1166,9.663
ERR478601,Z1169,9.517
ERR478602,Z1170,9.4755
ERR478603,Z1171,9.722000000000001
ERR478604,Z1172,9.285
ERR478605,Z1173,8.4195
ERR478606,Z1174,9.052
ERR478607,Z1175,8.4235
ERR478608,Z1176,8.549
ERR478609,Z1177,9.6585
ERR478610,Z1178,9.161999999999999
ERR478611,Z1179,8.555499999999999
ERR478612,Z1180,8.817
ERR478613,Z1181,9.348500000000001
ERR478614,Z1182,9.1365
ERR478615,Z1183,8.687999999999999
ERR478616,Z1184,8.55
ERR478617,Z1185,8.442499999999999
ERR478618,Z1186,8.3545
ERR478619,Z1187,8.2575
ERR478620,Z1188,9.136
ERR478621,Z1189,9.415
ERR478622,Z1190,8.415
ERR478623,Z1191,9.1045
ERR478624,Z1192,8.847999999999999
ERR478625,Z1193,8.316500000000001
ERR478626,Z1194,8.5765
ERR478627,Z1195,8.3255
ERR478628,Z1196,8.3295
ERR478629,Z1197,8.440000000000001
ERR478630,Z1198,7.924
ERR478631,Z1199,8.407499999999999
ERR478632,Z1200,8.705
ERR478565,Z1130,8.77
ERR478566,Z1131,7.7125
ERR478567,Z1132,9.5195
ERR478568,Z1133,9.039000000000001
ERR477442,Z1,8.255500000000001
ERR477443,Z2,8.0715
ERR477444,Z3,9.203
ERR477445,Z4,9.381
ERR477446,Z5,9.2405
ERR477447,Z6,9.5815
ERR477448,Z7,7.997
ERR477449,Z8,9.1875
ERR477450,Z9,8.0555
ERR477451,Z10,9.4095
ERR477452,Z11,9.280999999999999
ERR477453,Z12,9.1205
ERR477454,Z13,8.041
ERR477455,Z14,8.295
ERR477456,Z15,8.501000000000001
ERR477457,Z16,8.156
ERR477458,Z17,8.246
ERR477459,Z18,7.881
ERR477460,Z19,8.5045
ERR477461,Z20,10.161
ERR477462,Z21,8.094999999999999
ERR477463,Z22,8.5085
ERR477464,Z23,8.426
ERR477465,Z24,8.4305
ERR477466,Z25,8.186499999999999
ERR477467,Z26,7.922499999999999
ERR477468,Z27,7.98
ERR477469,Z28,8.424
ERR477470,Z29,8.315
ERR477471,Z30,8.354
ERR477472,Z31,8.340499999999999
ERR477473,Z32,8.4755
ERR477474,Z33,8.989
ERR477475,Z34,8.187000000000001
ERR477476,Z35,8.073
ERR477477,Z36,8.785
ERR477478,Z37,8.8025
ERR477479,Z38,8.687999999999999
ERR477480,Z39,8.034
ERR477481,Z40,9.1655
ERR477482,Z41,8.786999999999999
ERR477483,Z42,7.8365
ERR477484,Z43,8.517499999999998
ERR477485,Z44,8.419
ERR477486,Z45,9.5725
ERR477487,Z46,9.655000000000001
ERR477488,Z47,8.2985
ERR477489,Z48,7.821
ERR477490,Z49,7.862
ERR477491,Z50,9.418
ERR477492,Z51,9.1625
ERR477493,Z52,8.446
ERR477494,Z53,9.6395
ERR477495,Z54,9.6835
ERR477496,Z55,8.3505
ERR477497,Z56,9.483
ERR477498,Z57,9.0725
ERR477499,Z58,8.9955
ERR477500,Z59,8.912500000000001
ERR477501,Z60,9.3035
ERR477502,Z61,9.471499999999999
ERR477503,Z62,8.957
ERR477504,Z63,9.3545
ERR477505,Z64,9.383
ERR477506,Z65,8.438
ERR477507,Z66,9.557500000000001
ERR477508,Z67,10.073
ERR477509,Z68,8.231
ERR477510,Z69,8.117999999999999
ERR477511,Z70,9.354
ERR477512,Z71,9.532499999999999
ERR477513,Z72,7.5695
ERR477514,Z73,8.158999999999999
ERR477515,Z74,7.915
ERR477516,Z75,7.797499999999999
ERR477517,Z76,8.132
ERR477518,Z77,8.2195
ERR477519,Z78,8.339
ERR477520,Z79,8.335
ERR477521,Z80,9.2825
ERR477522,Z81,8.590499999999999
ERR477523,Z82,8.3385
ERR477524,Z83,8.175
ERR477525,Z84,9.038
ERR477526,Z85,8.9305
ERR477527,Z86,8.2125
ERR477528,Z87,9.211500000000001
ERR477529,Z88,9.412
ERR477530,Z89,9.3575
ERR477531,Z90,9.1535
ERR477532,Z91,9.0045
ERR477533,Z92,8.524000000000001
ERR477534,Z93,8.797
ERR477535,Z94,8.8
ERR477536,Z95,8.901
ERR477537,Z96,9.339500000000001
ERR477538,Z97,8.678
ERR477539,Z98,9.2375
ERR477540,Z99,9.708
ERR477541,Z100,8.504
ERR477542,Z101,8.344
ERR477543,Z102,9.362
ERR477544,Z103,9.444500000000001
ERR477545,Z104,8.416
ERR477546,Z105,8.521
ERR477547,Z106,8.405999999999999
ERR477548,Z107,8.374500000000001
ERR477549,Z108,8.344000000000001
ERR477550,Z109,8.774999999999999
ERR477551,Z110,9.757000000000001
ERR477552,Z111,8.12
ERR477553,Z112,8.1675
ERR477554,Z113,8.0625
ERR477555,Z114,8.8605
ERR477556,Z115,9.4945
ERR477557,Z116,7.959999999999999
ERR477558,Z117,8.161999999999999
ERR477559,Z118,8.6205
ERR477560,Z119,8.3915
ERR477561,Z120,8.6675
ERR477562,Z121,8.205
ERR477563,Z122,7.649
ERR477564,Z123,9.2705
ERR477565,Z124,9.045
ERR477566,Z125,7.938000000000001
ERR477567,Z126,8.616
ERR477568,Z127,9.241499999999998
ERR477569,Z128,8.4525
ERR477570,Z129,8.1545
ERR477571,Z130,8.243500000000001
ERR477572,Z131,7.9535
ERR477573,Z132,8.2975
ERR477574,Z133,8.5985
ERR477575,Z134,8.606
ERR477576,Z135,8.751999999999999
ERR477577,Z136,8.8035
ERR477578,Z137,8.682
ERR477579,Z138,8.8925
ERR477580,Z139,8.68
ERR477581,Z140,8.732
ERR477582,Z141,8.717500000000001
ERR477583,Z142,8.9315
ERR477584,Z143,9.5405
ERR477585,Z144,9.131499999999999
ERR477586,Z145,8.858
ERR477587,Z146,9.440999999999999
ERR477588,Z147,8.5215
ERR477589,Z148,8.5505
ERR477590,Z149,9.5885
ERR477591,Z150,8.269
ERR477592,Z151,8.443000000000001
ERR477593,Z152,9.849499999999999
ERR477594,Z153,8.66
ERR477595,Z154,9.036999999999999
ERR477596,Z155,9.76
ERR477597,Z156,9.339
ERR477598,Z157,9.060500000000001
ERR477599,Z158,9.6055
ERR477600,Z159,9.799
ERR477601,Z160,8.5685
ERR477602,Z161,8.745999999999999
ERR477603,Z162,10.301
ERR477604,Z163,9.538499999999999
ERR477605,Z164,8.974
ERR477606,Z165,8.6655
ERR477607,Z166,8.882000000000001
ERR477608,Z167,8.4305
ERR477609,Z168,9.019
ERR477610,Z169,9.1215
ERR477611,Z170,9.770499999999998
ERR477612,Z171,8.5725
ERR477613,Z172,9.96
ERR477614,Z173,9.798
ERR477615,Z174,8.411
ERR477616,Z175,8.822
ERR477617,Z176,8.798
ERR477618,Z177,8.594999999999999
ERR477619,Z178,9.2945
ERR477620,Z179,8.743
ERR477621,Z180,8.5365
ERR477622,Z181,8.602
ERR477623,Z182,9.543
ERR477624,Z183,8.749
ERR477625,Z184,8.149000000000001
ERR477626,Z185,8.855
ERR477627,Z186,8.4895
ERR477628,Z187,8.656
ERR477629,Z188,9.93
ERR477630,Z189,9.572
ERR477631,Z190,8.893
ERR477632,Z191,8.577
ERR477633,Z192,10.1325
ERR477634,Z193,8.914
ERR477635,Z194,9.7985
ERR477636,Z195,8.707
ERR477637,Z196,9.295
ERR477638,Z197,8.6065
ERR477639,Z198,9.1105
ERR477640,Z199,9.383
ERR477641,Z200,9.4805
ERR477642,Z201,8.6875
ERR477643,Z202,9.3355
ERR477644,Z203,8.568000000000001
ERR477645,Z204,9.206
ERR477646,Z205,8.59
ERR477647,Z206,9.713999999999999
ERR477648,Z207,8.747499999999999
ERR477649,Z208,9.5765
ERR477650,Z209,8.3345
ERR477651,Z210,9.220500000000001
ERR477652,Z211,8.620999999999999
ERR477653,Z212,9.0765
ERR477654,Z213,9.030000000000001
ERR477655,Z214,8.557
ERR477656,Z215,8.353
ERR477657,Z216,8.6065
ERR477658,Z217,9.562000000000001
ERR477659,Z218,8.564
ERR477660,Z219,8.442499999999999
ERR477661,Z220,8.573
ERR477662,Z221,8.6645
ERR477663,Z222,8.747
ERR477664,Z223,9.581
ERR477665,Z224,8.342
ERR477666,Z225,9.5885
ERR477667,Z226,8.5815
ERR477668,Z227,8.8975
ERR477669,Z228,8.675
ERR477670,Z229,8.535499999999999
ERR477671,Z230,8.3755
ERR477672,Z231,8.623999999999999
ERR477673,Z232,9.5335
ERR477674,Z233,8.481
ERR477675,Z234,8.5455
ERR477676,Z235,9.5155
ERR477677,Z236,9.2385
ERR477678,Z237,9.104
ERR477679,Z238,9.27
ERR477680,Z239,8.796
ERR477681,Z240,8.586
ERR477682,Z241,8.875499999999999
ERR477683,Z242,8.8305
ERR477684,Z243,8.538
ERR477685,Z244,9.219
ERR477686,Z245,7.4990000000000006
ERR477687,Z246,9.398
ERR477688,Z247,9.229
ERR477689,Z248,9.657
ERR477690,Z249,8.2165
ERR477691,Z250,10.097
ERR477692,Z251,8.115
ERR477693,Z252,9.674499999999998
ERR477694,Z253,9.777000000000001
ERR477695,Z254,8.732
ERR477696,Z255,8.5125
ERR477697,Z256,9.347000000000001
ERR477698,Z257,9.33
ERR477699,Z258,8.9885
ERR477700,Z259,9.671
ERR477701,Z260,10.2065
ERR477702,Z261,9.0795
ERR477703,Z262,9.813500000000001
ERR477704,Z263,8.305
ERR477705,Z264,9.8945
ERR477706,Z265,8.439
ERR477707,Z266,8.662500000000001
ERR477708,Z267,8.625
ERR477709,Z268,8.381
ERR477710,Z269,10.056000000000001
ERR477711,Z270,10.0485
ERR477712,Z271,10.328
ERR477713,Z272,8.440999999999999
ERR477714,Z273,8.2135
ERR477715,Z274,9.547999999999998
ERR477716,Z275,8.369499999999999
ERR477717,Z276,9.761
ERR477718,Z277,8.656500000000001
ERR477719,Z278,9.892
ERR477720,Z279,8.879999999999999
ERR477721,Z280,8.411000000000001
ERR477722,Z281,8.462499999999999
ERR477723,Z282,9.479
ERR477724,Z283,9.701
ERR477725,Z284,9.5845
ERR477726,Z285,9.899999999999999
ERR477727,Z286,9.606
ERR477728,Z287,8.523
ERR477729,Z288,9.1875
ERR477730,Z289,9.5075
ERR477731,Z290,8.699
ERR477732,Z291,8.7315
ERR477733,Z292,9.882000000000001
ERR477734,Z293,10.0885
ERR477735,Z294,8.8825
ERR477736,Z295,9.526
ERR477737,Z296,10.05
ERR477738,Z297,10.288
ERR477739,Z298,10.3895
ERR477740,Z299,8.6765
ERR477741,Z300,10.2365
ERR477742,Z301,10.0245
ERR477743,Z302,9.989
ERR477744,Z303,10.1265
ERR477745,Z304,10.086500000000001
ERR477746,Z305,9.956499999999998
ERR477747,Z306,10.175999999999998
ERR477748,Z307,9.786999999999999
ERR477749,Z308,9.276
ERR477750,Z309,8.7255
ERR477751,Z310,9.3445
ERR477752,Z311,8.545000000000002
ERR477753,Z312,9.6015
ERR477754,Z313,9.6355
ERR477755,Z314,9.2595
ERR477756,Z315,8.688500000000001
ERR477757,Z316,9.4265
ERR477758,Z317,8.669
ERR477759,Z318,9.4845
ERR477760,Z319,10.3235
ERR477761,Z320,10.039
ERR477762,Z321,9.3985
ERR477763,Z322,10.036999999999999
ERR477764,Z323,10.56
ERR477765,Z324,9.802
ERR477766,Z325,8.607
ERR477767,Z326,9.885
ERR477768,Z327,8.671
ERR477769,Z328,9.3325
ERR477770,Z329,9.4815
ERR477771,Z330,9.428
ERR477772,Z331,8.872
ERR477773,Z332,9.7945
ERR477774,Z333,9.513
ERR477775,Z334,9.493500000000001
ERR477776,Z335,10.0655
ERR477777,Z336,8.237
ERR477778,Z337,9.495000000000001
ERR477779,Z338,9.317
ERR477780,Z339,9.4005
ERR477781,Z340,9.3045
ERR477782,Z341,9.897
ERR477783,Z342,9.1215
ERR477784,Z343,8.8215
ERR477785,Z344,10.1385
ERR477786,Z345,9.279499999999999
ERR477787,Z346,10.187
ERR477788,Z347,9.2055
ERR477789,Z348,9.825
ERR477790,Z349,8.706499999999998
ERR477791,Z350,9.873
ERR477792,Z351,9.103000000000002
ERR477793,Z352,9.11
ERR477794,Z353,8.624500000000001
ERR477795,Z354,8.393
ERR477796,Z355,8.493
ERR477797,Z356,8.7725
ERR477798,Z357,9.332
ERR477799,Z358,9.235
ERR477800,Z359,9.091000000000001
ERR477801,Z360,9.274000000000001
ERR477802,Z361,10.0805
ERR477803,Z362,10.1955
ERR477804,Z363,9.399000000000001
ERR477805,Z364,9.786999999999999
ERR477806,Z365,9.212499999999999
ERR477807,Z366,9.5045
ERR477808,Z367,9.401
ERR477809,Z368,9.4375
ERR477810,Z369,8.7805
ERR477811,Z370,9.850000000000001
ERR477812,Z371,9.4385
ERR477813,Z372,9.44
ERR477814,Z373,8.0375
ERR477815,Z374,9.534500000000001
ERR477816,Z375,9.501999999999999
ERR477817,Z376,8.497
ERR477818,Z377,8.529
ERR477819,Z378,8.6095
ERR477820,Z379,8.36
ERR477821,Z380,7.883
ERR477822,Z381,8.8565
ERR477823,Z382,8.552
ERR477824,Z383,8.9645
ERR477825,Z384,9.4335
ERR477826,Z385,8.706
ERR477827,Z386,8.093
ERR477828,Z387,9.5785
ERR477829,Z388,8.293
ERR477830,Z389,9.133
ERR477831,Z390,8.9635
ERR477832,Z391,9.8765
ERR477833,Z392,8.325
ERR477834,Z393,9.1045
ERR477835,Z394,9.048
ERR477836,Z395,7.4245
ERR477837,Z396,9.111
ERR477838,Z397,6.952500000000001
ERR477839,Z398,9.120000000000001
ERR477840,Z399,9.5595
ERR477841,Z400,9.2645
ERR477842,Z401,8.7905
ERR477843,Z402,9.133
ERR477844,Z403,9.2165
ERR477845,Z404,9.353000000000002
ERR477846,Z405,9.516
ERR477847,Z406,9.185
ERR477848,Z407,10.0295
ERR477849,Z408,9.908000000000001
ERR477850,Z409,8.921
ERR477851,Z410,9.241499999999998
ERR477852,Z411,8.599499999999999
ERR477853,Z412,9.646
ERR477854,Z413,10.1665
ERR477855,Z414,9.681000000000001
ERR477856,Z415,8.716
ERR477857,Z416,8.587
ERR477858,Z417,8.51
ERR477859,Z418,9.5525
ERR477860,Z419,9.7855
ERR477861,Z420,9.639
ERR477862,Z421,9.7015
ERR477863,Z422,9.579
ERR477864,Z423,9.7965
ERR477865,Z424,9.6385
ERR477866,Z425,9.46
ERR477867,Z426,9.8055
ERR477868,Z427,10.565000000000001
ERR477869,Z428,8.814499999999999
ERR477870,Z429,8.682500000000001
ERR477871,Z430,9.4155
ERR477872,Z431,9.4215
ERR477873,Z432,9.102
ERR477874,Z433,9.126000000000001
ERR477875,Z434,8.486
ERR477876,Z435,8.658999999999999
ERR477877,Z436,9.495000000000001
ERR477878,Z437,9.183499999999999
ERR477879,Z438,10.232
ERR477880,Z439,9.3335
ERR477881,Z440,10.3235
ERR477882,Z441,10.26
ERR477883,Z442,9.534500000000001
ERR477884,Z443,9.067499999999999
ERR477885,Z444,9.475000000000001
ERR477886,Z445,8.6905
ERR477887,Z446,9.2005
ERR477888,Z447,9.327
ERR477889,Z448,9.2635
ERR477890,Z449,9.2905
ERR477891,Z450,9.8025
ERR477892,Z451,9.591999999999999
ERR477893,Z452,7.944
ERR477894,Z453,9.670000000000002
ERR477895,Z454,9.566500000000001
ERR477896,Z455,9.362
ERR477897,Z456,9.269
ERR477898,Z457,
ERR477899,Z458,10.071
ERR477900,Z459,10.141
ERR477901,Z460,9.418
ERR477902,Z461,9.4825
ERR477903,Z462,9.5625
ERR477904,Z463,9.5785
ERR477905,Z464,8.876000000000001
ERR477906,Z465,8.6075
ERR477907,Z466,9.488
ERR477908,Z467,8.942
ERR477909,Z468,10.0165
ERR477910,Z469,9.2095
ERR477911,Z470,9.6645
ERR477912,Z471,9.254999999999999
ERR477913,Z472,9.632
ERR477914,Z473,9.5225
ERR477915,Z474,9.1085
ERR477916,Z475,9.504000000000001
ERR477917,Z476,9.239999999999998
ERR477918,Z477,9.77
ERR477919,Z478,9.0335
ERR477920,Z479,10.041
ERR477921,Z480,8.501
ERR477922,Z481,9.68
ERR477923,Z482,9.4635
ERR477924,Z483,9.019
ERR477925,Z484,9.7255
ERR477926,Z485,9.793
ERR477927,Z486,10.17
ERR477928,Z487,10.0335
ERR477929,Z488,9.161999999999999
ERR477930,Z489,8.795
ERR477931,Z490,9.8405
ERR477932,Z491,9.0495
ERR477933,Z492,8.8775
ERR477934,Z493,9.370000000000001
ERR477935,Z494,9.4845
ERR477936,Z495,9.944
ERR477937,Z496,8.8945
ERR477938,Z497,9.401499999999999
ERR477939,Z498,9.5375
ERR477940,Z499,9.12
ERR477941,Z500,10.4865
ERR477942,Z501,9.366499999999998
ERR477943,Z502,9.0775
ERR477944,Z503,9.61
ERR477945,Z504,9.315999999999999
ERR477946,Z505,10.636
ERR477947,Z506,9.118500000000001
ERR477948,Z507,8.7725
ERR477949,Z508,9.574
ERR477950,Z509,10.258
ERR477951,Z510,9.5155
ERR477952,Z511,10.451
ERR477953,Z512,8.7385
ERR477954,Z513,8.4025
ERR477955,Z514,9.645
ERR477956,Z515,9.854
ERR477957,Z516,9.478000000000002
ERR477958,Z517,9.405000000000001
ERR477959,Z518,9.553
ERR477960,Z519,8.697
ERR477961,Z520,9.696000000000002
ERR477962,Z521,8.9835
ERR477963,Z522,9.277000000000001
ERR477964,Z523,9.449
ERR477965,Z524,9.782499999999999
ERR477966,Z525,8.217
ERR477967,Z526,9.284500000000001
ERR477968,Z527,9.558
ERR477969,Z528,8.224
ERR477970,Z529,8.866
ERR477971,Z530,9.8295
ERR477972,Z531,8.596
ERR477973,Z532,9.4375
ERR477974,Z533,9.122499999999999
ERR477975,Z534,7.2315000000000005
ERR477976,Z535,9.666
ERR477977,Z536,7.2645
ERR477978,Z537,9.056000000000001
ERR477979,Z538,9.7955
ERR477980,Z539,8.6845
ERR477981,Z540,9.359
ERR477982,Z541,8.674
ERR477983,Z542,9.849
ERR477984,Z543,9.352
ERR477985,Z544,8.885
ERR477986,Z545,9.318999999999999
ERR477987,Z546,7.6535
ERR477988,Z547,7.269
ERR477989,Z548,8.4875
ERR477990,Z549,8.695
ERR477991,Z550,8.143
ERR477992,Z551,9.9835
ERR477993,Z552,9.403
ERR477994,Z553,9.664000000000001
ERR477995,Z554,9.639
ERR477996,Z555,9.324000000000002
ERR477997,Z556,9.6475
ERR477998,Z557,9.3475
ERR477999,Z558,9.966
ERR478000,Z559,9.758500000000002
ERR478001,Z560,9.568999999999999
ERR478002,Z561,8.901
ERR478003,Z562,10.254000000000001
ERR478004,Z563,9.3285
ERR478005,Z564,9.328
ERR478006,Z565,9.759
ERR478007,Z566,9.538
ERR478008,Z567,10.268
ERR478009,Z568,9.719999999999999
ERR478010,Z569,8.667
ERR478011,Z570,9.6875
ERR478012,Z571,10.0795
ERR478013,Z572,9.3635
ERR478014,Z573,9.423
ERR478015,Z574,9.654499999999999
ERR478016,Z575,10.0685
ERR478017,Z576,9.89
ERR478018,Z577,8.787
ERR478019,Z578,9.525500000000001
ERR478020,Z579,9.193000000000001
ERR478021,Z580,8.506499999999999
ERR478022,Z581,8.625
ERR478023,Z582,9.4225
ERR478024,Z583,8.848500000000001
ERR478025,Z584,8.484
ERR478026,Z585,9.5015
ERR478027,Z586,9.5485
ERR478028,Z587,9.256499999999999
ERR478029,Z588,9.7225
ERR478030,Z589,9.715
ERR478031,Z590,9.3915
ERR478032,Z591,8.6175
ERR478033,Z592,8.315999999999999
ERR478034,Z593,8.8035
ERR478035,Z594,9.77
ERR478036,Z595,8.86
ERR478037,Z596,8.992
ERR478038,Z597,9.279
ERR478039,Z598,8.972999999999999
ERR478040,Z599,9.09
ERR478041,Z600,10.066500000000001
ERR478042,Z601,9.198
ERR478043,Z602,9.549
ERR478044,Z603,9.2955
ERR478045,Z604,9.3945
ERR478046,Z605,9.686
ERR478047,Z606,9.6685
ERR478048,Z607,10.068
ERR478049,Z608,9.486
ERR478050,Z609,8.8555
ERR478051,Z610,8.538
ERR478052,Z611,9.5235
ERR478053,Z612,8.307500000000001
ERR478054,Z613,9.475999999999999
ERR478055,Z614,8.8
ERR478056,Z615,9.145
ERR478057,Z616,9.704999999999998
ERR478058,Z617,9.634
ERR478059,Z618,9.262
ERR478060,Z619,9.437
ERR478061,Z620,8.3535
ERR478062,Z621,9.4825
ERR478063,Z622,10.0495
ERR478064,Z623,8.7745
ERR478065,Z624,9.801
ERR478066,Z625,9.150500000000001
ERR478067,Z626,10.45
ERR478068,Z627,9.823
ERR478069,Z628,10.0705
ERR478070,Z629,8.649999999999999
ERR478071,Z630,8.829
ERR478072,Z631,8.532
ERR478073,Z632,9.2425
ERR478074,Z633,8.405000000000001
ERR478075,Z634,9.5715
ERR478076,Z635,9.765
ERR478077,Z636,9.41
ERR478078,Z637,9.5805
ERR478079,Z638,9.279499999999999
ERR478080,Z639,9.174
ERR478081,Z640,9.411999999999999
ERR478082,Z641,9.72
ERR478083,Z642,9.235
ERR478084,Z643,9.2365
ERR478085,Z644,9.780999999999999
ERR478086,Z645,9.5825
ERR478087,Z646,8.4485
ERR478088,Z647,9.783000000000001
ERR478089,Z648,9.497
ERR478090,Z649,8.5145
ERR478091,Z650,8.2055
ERR478092,Z651,8.1905
ERR478093,Z652,9.5805
ERR478094,Z653,8.479
ERR478095,Z654,9.1805
ERR478096,Z655,8.2225
ERR478097,Z656,8.1015
ERR478098,Z657,9.803999999999998
ERR478099,Z658,9.719999999999999
ERR478100,Z659,9.8805
ERR478101,Z660,8.264
ERR478102,Z661,9.137
ERR478103,Z662,8.888
ERR478104,Z663,9.4895
ERR478105,Z664,9.353
ERR478106,Z665,9.2185
ERR478107,Z666,9.6415
ERR478108,Z667,8.895
ERR478109,Z668,9.3185
ERR478110,Z669,9.3645
ERR478111,Z670,8.8715
ERR478112,Z671,9.462499999999999
ERR478113,Z672,7.0595
ERR478114,Z673,7.1865000000000006
ERR478115,Z674,6.981999999999999
ERR478116,Z675,10.104
ERR478117,Z676,9.4635
ERR478118,Z677,10.249
ERR478119,Z678,9.654499999999999
ERR478120,Z679,9.885
ERR478121,Z680,9.589
ERR478122,Z681,8.998999999999999
ERR478123,Z682,9.964
ERR478124,Z683,8.6585
ERR478125,Z685,8.7105
ERR478126,Z686,8.769
ERR478127,Z687,8.7575
ERR478128,Z688,10.023
ERR478129,Z689,9.6615
ERR478130,Z690,9.4445
ERR478131,Z691,8.4785
ERR478132,Z692,7.144
ERR478133,Z693,7.148
ERR478134,Z694,6.888
ERR478135,Z695,7.255
ERR478136,Z696,7.547499999999999
ERR478137,Z697,7.386
ERR478138,Z698,8.344000000000001
ERR478139,Z699,8.276499999999999
ERR478140,Z700,8.997
ERR478141,Z701,9.334
ERR478142,Z702,8.6005
ERR478143,Z704,9.7195
ERR478144,Z705,9.28
ERR478145,Z706,8.6465
ERR478146,Z707,7.1285
ERR478147,Z708,8.128499999999999
ERR478148,Z709,7.839
ERR478149,Z710,7.965
ERR478150,Z711,7.413500000000001
ERR478151,Z712,7.452
ERR478152,Z713,7.7445
ERR478153,Z714,7.1145
ERR478154,Z715,7.5815
ERR478155,Z716,7.5945
ERR478156,Z717,8.288499999999999
ERR478157,Z718,7.656000000000001
ERR478158,Z719,7.8985
ERR478159,Z720,7.9285
ERR478160,Z721,8.3675
ERR478161,Z722,8.61
ERR478162,Z723,7.476
ERR478163,Z724,8.071000000000002
ERR478164,Z725,9.443999999999999
ERR478165,Z726,10.114
ERR478166,Z727,10.127500000000001
ERR478167,Z728,10.1695
ERR478168,Z729,9.565999999999999
ERR478169,Z730,9.495000000000001
ERR478170,Z731,10.2715
ERR478171,Z732,10.3165
ERR478172,Z733,10.32
ERR478173,Z734,10.259
ERR478174,Z735,9.505500000000001
ERR478175,Z736,10.52
ERR478176,Z737,9.5625
ERR478177,Z738,9.4575
ERR478178,Z739,9.679
ERR478179,Z740,9.6345
ERR478180,Z741,10.650500000000001
ERR478181,Z742,10.338999999999999
ERR478182,Z743,9.817499999999999
ERR478183,Z744,10.285499999999999
ERR478184,Z745,9.8185
ERR478185,Z746,10.0395
ERR478186,Z747,9.715
ERR478187,Z748,8.7925
ERR478188,Z749,8.441
ERR478189,Z750,8.622
ERR478190,Z751,7.959
ERR478191,Z753,9.1465
ERR478192,Z754,8.4845
ERR478193,Z755,9.894
ERR478194,Z756,8.096
ERR478195,Z757,7.9384999999999994
ERR478196,Z758,10.560500000000001
ERR478197,Z759,8.8955
ERR478198,Z760,9.21
ERR478199,Z761,9.303
ERR478200,Z762,9.395
ERR478201,Z763,8.541
ERR478202,Z764,8.325
ERR478203,Z765,10.2
ERR478204,Z766,10.152000000000001
ERR478205,Z767,8.91
ERR478206,Z768,9.412500000000001
ERR478207,Z769,9.432
ERR478208,Z770,8.2625
ERR478209,Z771,9.45
ERR478210,Z772,8.307
ERR478211,Z773,10.043
ERR478212,Z774,9.9565
ERR478213,Z775,10.163
ERR478214,Z776,10.3805
ERR478215,Z777,9.305
ERR478216,Z778,9.892499999999998
ERR478217,Z779,9.6205
ERR478218,Z780,9.5685
ERR478219,Z781,8.503
ERR478220,Z782,9.973
ERR478221,Z783,9.775
ERR478222,Z784,8.812999999999999
ERR478223,Z785,8.627
ERR478224,Z786,9.9445
ERR478225,Z787,9.543
ERR478226,Z788,8.4475
ERR478227,Z789,8.5905
ERR478228,Z790,8.691
ERR478229,Z791,10.339500000000001
ERR478230,Z792,8.541
ERR478231,Z793,8.674
ERR478232,Z794,10.138
ERR478233,Z795,8.6375
ERR478234,Z796,9.5145
ERR478235,Z797,8.702
ERR478236,Z798,9.311499999999999
ERR478237,Z799,9.4175
ERR478238,Z800,9.1955
ERR478239,Z802,10.1955
ERR478240,Z803,9.846499999999999
ERR478241,Z804,10.2965
ERR478242,Z805,9.836500000000001
ERR478243,Z806,9.6925
ERR478244,Z807,9.956
ERR478245,Z808,10.495999999999999
ERR478246,Z809,10.2315
ERR478247,Z810,9.131499999999999
ERR478248,Z811,10.234
ERR478249,Z812,10.2035
ERR478250,Z813,8.886
ERR478251,Z814,10.288499999999999
ERR478252,Z815,10.475000000000001
ERR478253,Z816,8.475999999999999
ERR478254,Z817,9.8805
ERR478255,Z818,8.746500000000001
ERR478256,Z819,9.032499999999999
ERR478257,Z820,8.799
ERR478258,Z821,8.611
ERR478259,Z822,8.474
ERR478260,Z823,8.279
ERR478261,Z824,9.2195
ERR478262,Z825,8.4975
ERR478263,Z826,8.320500000000001
ERR478264,Z827,8.9945
ERR478265,Z828,9.631499999999999
ERR478266,Z829,9.224
ERR478267,Z830,8.618500000000001
ERR478268,Z831,10.1645
ERR478269,Z832,9.058499999999999
ERR478270,Z833,9.317499999999999
ERR478271,Z834,10.2275
ERR478272,Z835,9.84
ERR478273,Z836,8.521
ERR478274,Z837,9.8325
ERR478275,Z838,10.3885
ERR478276,Z839,9.98
ERR478277,Z840,9.497
ERR478278,Z841,9.782499999999999
ERR478279,Z842,9.1675
ERR478280,Z843,9.64
ERR478281,Z844,9.29
ERR478282,Z845,8.5905
ERR478283,Z846,9.972999999999999
ERR478284,Z847,9.952
ERR478285,Z848,10.076
ERR478286,Z849,8.599499999999999
ERR478287,Z850,9.5515
ERR478288,Z851,8.5375
ERR478289,Z852,9.46
ERR478290,Z853,9.559999999999999
ERR478291,Z854,8.289000000000001
ERR478292,Z855,8.19
ERR478293,Z856,8.7855
ERR478294,Z857,8.175
ERR478295,Z858,10.1525
ERR478296,Z859,10.119499999999999
ERR478297,Z860,8.6095
ERR478298,Z861,9.8615
ERR478299,Z862,9.6495
ERR478300,Z863,10.097000000000001
ERR478301,Z864,8.92
ERR478302,Z865,8.5115
ERR478303,Z866,8.9285
ERR478304,Z867,8.783
ERR478305,Z868,10.143
ERR478306,Z869,9.788
ERR478307,Z870,9.8595
ERR478308,Z871,10.003
ERR478309,Z872,10.111
ERR478310,Z873,10.1035
ERR478311,Z874,10.301
ERR478312,Z875,9.1375
ERR478313,Z876,9.8705
ERR478314,Z877,10.039
ERR478315,Z878,9.459
ERR478316,Z879,8.6745
ERR478317,Z880,9.7635
ERR478318,Z881,9.649999999999999
ERR478319,Z882,9.9375
ERR478320,Z883,9.642
ERR478321,Z884,10.5945
ERR478322,Z885,10.3115
ERR478323,Z886,8.859
ERR478324,Z887,8.618500000000001
ERR478325,Z889,8.276
ERR478326,Z890,9.042000000000002
ERR478327,Z891,10.2835
ERR478328,Z892,9.286999999999999
ERR478329,Z893,9.113
ERR478330,Z894,9.972999999999999
ERR478331,Z895,9.189499999999999
ERR478332,Z896,9.215499999999999
ERR478333,Z897,9.4825
ERR478334,Z898,8.975999999999999
ERR478335,Z899,9.0415
ERR478336,Z900,9.02
ERR478337,Z901,9.117
ERR478338,Z902,9.550999999999998
ERR478339,Z903,9.556
ERR478340,Z904,9.643
ERR478346,Z910,9.79
ERR478356,Z920,9.4995
ERR478357,Z921,9.1455
ERR478359,Z924,9.564499999999999
ERR478360,Z925,9.793
ERR478361,Z926,9.322500000000002
ERR478362,Z927,9.493500000000001
ERR478363,Z928,9.2225
ERR478364,Z929,9.5885
ERR478365,Z930,9.2725
ERR478366,Z931,9.677499999999998
ERR478367,Z932,9.408999999999999
ERR478368,Z933,9.869
ERR478369,Z934,10.124
ERR478370,Z935,9.864
ERR478371,Z936,9.008
ERR478372,Z937,9.055
ERR478373,Z938,9.125499999999999
ERR478374,Z939,9.7985
ERR478375,Z940,9.163
ERR478376,Z941,9.024999999999999
ERR478377,Z942,10.163499999999999
ERR478378,Z943,9.2735
ERR478379,Z944,9.371
ERR478380,Z945,10.2715
ERR478381,Z946,9.627500000000001
ERR478382,Z947,8.369
ERR478383,Z948,9.096
ERR478384,Z949,8.965
ERR478385,Z950,10.120999999999999
ERR478386,Z951,9.91
ERR478387,Z952,9.3565
ERR478388,Z953,9.6105
ERR478389,Z954,9.342
ERR478390,Z955,9.793
ERR478391,Z956,9.719
ERR478392,Z957,9.6795
ERR478393,Z958,9.231
ERR478394,Z959,9.5495
ERR478395,Z960,9.165500000000002
ERR478396,Z961,9.2045
ERR478397,Z962,9.273
ERR478398,Z963,9.273
ERR478399,Z964,9.9575
ERR478400,Z965,9.565999999999999
ERR478401,Z966,8.926
ERR478402,Z967,9.504000000000001
ERR478403,Z968,9.41
ERR478404,Z969,10.156
ERR478405,Z970,9.202
ERR478406,Z971,9.250499999999999
ERR478407,Z972,9.573
ERR478408,Z973,9.073
ERR478409,Z974,9.464500000000001
ERR478410,Z975,8.2055
ERR478411,Z976,9.3095
ERR478412,Z977,9.617
ERR478413,Z978,9.7765
ERR478414,Z979,10.149000000000001
ERR478415,Z980,9.7625
ERR478416,Z981,8.653500000000001
ERR478417,Z982,9.2645
ERR478418,Z983,9.633
ERR478419,Z984,9.188500000000001
ERR478420,Z985,9.280000000000001
ERR478421,Z986,9.4305
ERR478422,Z987,9.245000000000001
ERR478423,Z988,10.442499999999999
ERR478424,Z989,9.751
ERR478425,Z990,8.9555
ERR478426,Z991,8.5645
ERR478427,Z992,7.7765
ERR478428,Z993,8.929
ERR478429,Z994,9.8275
ERR478430,Z995,8.57
ERR478431,Z996,7.33
ERR478432,Z997,8.9055
ERR478433,Z998,7.43
ERR478434,Z999,9.220500000000001
ERR478435,Z1000,9.6135
ERR478436,Z1001,8.004000000000001
ERR478437,Z1002,9.649000000000001
ERR478438,Z1003,9.889
ERR478439,Z1004,9.4315
ERR478440,Z1005,9.7255
ERR478441,Z1006,9.186
ERR478442,Z1007,8.965
ERR478443,Z1008,7.4365000000000006
ERR478444,Z1009,7.784000000000001
ERR478445,Z1010,9.5485
ERR478446,Z1011,9.617999999999999
ERR478447,Z1012,9.782
ERR478448,Z1013,9.1025
ERR478449,Z1014,8.6695
ERR478450,Z1015,9.582
ERR478451,Z1016,10.1735
ERR478452,Z1017,10.0125
ERR478453,Z1018,9.619
ERR478454,Z1019,9.4785
ERR478455,Z1020,9.7865
ERR478456,Z1021,9.118
ERR478457,Z1022,9.562999999999999
ERR478458,Z1023,9.253499999999999
ERR478459,Z1024,8.9585
ERR478460,Z1025,8.785499999999999
ERR478461,Z1026,10.528500000000001
ERR478462,Z1027,8.294
ERR478463,Z1028,9.519
ERR478464,Z1029,9.408999999999999
ERR478465,Z1030,9.661999999999999
ERR478466,Z1031,9.731
ERR478467,Z1032,8.696
ERR478468,Z1033,8.2585
ERR478469,Z1034,8.661
ERR478470,Z1035,9.572500000000002
ERR478471,Z1036,8.6475
ERR478472,Z1037,8.9795
ERR478473,Z1038,9.89
ERR478474,Z1039,8.4825
ERR478475,Z1040,9.1455
ERR478476,Z1041,9.5
ERR478477,Z1042,9.579
ERR478478,Z1043,8.294
ERR478479,Z1044,9.6755
ERR478480,Z1045,9.4465
ERR478481,Z1046,9.2005
ERR478482,Z1047,9.284500000000001
ERR478483,Z1048,8.3995
ERR478491,Z1056,9.665
ERR478492,Z1057,9.684999999999999
ERR478493,Z1058,9.24
ERR478494,Z1059,9.863499999999998
ERR478495,Z1060,9.6375
ERR478496,Z1061,9.989
ERR478497,Z1062,8.457
ERR478498,Z1063,8.739
ERR478499,Z1064,9.517499999999998
ERR478500,Z1065,9.7305
ERR478501,Z1066,9.7675
ERR478502,Z1067,9.697
ERR478503,Z1068,9.5585
ERR478504,Z1069,9.9165
ERR478505,Z1070,9.413499999999999
ERR478506,Z1071,9.258
ERR478507,Z1072,8.1865
ERR478508,Z1073,8.196
ERR478509,Z1074,9.517
ERR478510,Z1075,9.541
ERR478511,Z1076,9.332999999999998
ERR478512,Z1077,9.083
ERR478513,Z1078,9.418
ERR478514,Z1079,8.548
ERR478515,Z1080,9.832
ERR478516,Z1081,9.92
ERR478517,Z1082,9.243
ERR478518,Z1083,9.582
ERR478519,Z1084,9.6855
ERR478520,Z1085,9.1675
ERR478521,Z1086,8.8995
ERR478522,Z1087,9.3795
ERR478523,Z1088,8.597999999999999
ERR478524,Z1089,8.0305
ERR478525,Z1090,7.410500000000001
ERR478528,Z1093,7.5335
ERR478532,Z1097,7.663
ERR478533,Z1098,8.4555
ERR478534,Z1099,8.27
ERR478535,Z1100,8.389
ERR478537,Z1102,9.1635
ERR478538,Z1103,8.2555
ERR478539,Z1104,8.4195
ERR478540,Z1105,9.2945
ERR478541,Z1106,9.215
ERR478542,Z1107,8.978000000000002
ERR478543,Z1108,9.2425
ERR478544,Z1109,9.471
ERR478545,Z1110,8.206
ERR478546,Z1111,8.353
ERR478547,Z1112,7.788
ERR478548,Z1113,7.839
ERR478549,Z1114,8.48
ERR478550,Z1115,7.987
ERR478551,Z1116,9.1985
ERR478552,Z1117,9.389
ERR478553,Z1118,8.568000000000001
ERR478554,Z1119,8.5715
ERR478555,Z1120,8.4515
ERR478556,Z1121,9.467
ERR478557,Z1122,9.537500000000001
ERR478558,Z1123,9.4445
ERR478559,Z1124,9.564499999999999
ERR478560,Z1125,8.959
ERR478561,Z1126,8.6955
ERR478562,Z1127,9.4955
ERR478563,Z1128,9.271
ERR478564,Z1129,9.31
SAMC008074,Sample_1701,7.1
SAMC008075,Sample_1710,6.5
SAMC008076,Sample_1813,6.3
SAMC008077,Sample_1791,6.400000000000001
SAMC008078,Sample_1792,6.94
SAMC008079,Sample_1793,7.550000000000001
SAMC008080,Sample_1794,7.75
SAMC008081,Sample_1795,7.074999999999999
SAMC008082,Sample_1796,6.95
SAMC008083,Sample_1797,6.82
SAMC008084,Sample_1798,6.9
SAMC008085,Sample_1800,6.88
SAMC008086,Sample_1711,6.8
SAMC008087,Sample_1712,7.12
SAMC008088,Sample_1713,7.0
SAMC008089,Sample_1714,6.5
SAMC008090,Sample_1715,7.140000000000001
SAMC008091,Sample_1716,7.0200000000000005
SAMC008092,Sample_1717,7.0
SAMC008093,Sample_1718,6.8
SAMC008094,Sample_1719,7.1
SAMC008095,Sample_1702,7.0200000000000005
SAMC008096,Sample_1720,6.2
SAMC008097,Sample_1721,6.8
SAMC008098,Sample_1722,6.94
SAMC008099,Sample_1723,6.92
SAMC008100,Sample_1724,6.92
SAMC008101,Sample_1725,7.08
SAMC008102,Sample_1726,6.660000000000001
SAMC008103,Sample_1727,7.06
SAMC008104,Sample_1728,6.5
SAMC008105,Sample_1729,6.539999999999999
SAMC008106,Sample_1703,6.95
SAMC008107,Sample_1730,7.3
SAMC008108,Sample_1731,6.5
SAMC008109,Sample_1732,7.1
SAMC008110,Sample_1733,6.9
SAMC008111,Sample_1734,7.3
SAMC008112,Sample_1735,7.3
SAMC008113,Sample_1736,6.2
SAMC008114,Sample_1737,6.4799999999999995
SAMC008115,Sample_1738,6.6
SAMC008116,Sample_1739,7.5
SAMC008117,Sample_1704,7.359999999999999
SAMC008118,Sample_1740,6.6
SAMC008119,Sample_1741,7.08
SAMC008120,Sample_1742,6.5
SAMC008121,Sample_1743,6.9
SAMC008122,Sample_1744,6.960000000000001
SAMC008123,Sample_1745,7.3
SAMC008124,Sample_1746,7.0
SAMC008125,Sample_1747,6.74
SAMC008126,Sample_1748,6.6
SAMC008127,Sample_1749,6.95
SAMC008128,Sample_1705,7.160000000000001
SAMC008129,Sample_1750,7.279999999999999
SAMC008130,Sample_1751,6.8
SAMC008131,Sample_1752,7.08
SAMC008132,Sample_1753,6.82
SAMC008133,Sample_1754,7.32
SAMC008134,Sample_1755,6.56
SAMC008135,Sample_1756,6.94
SAMC008136,Sample_1757,6.8
SAMC008137,Sample_1758,6.92
SAMC008138,Sample_1759,6.9
SAMC008139,Sample_1706,6.640000000000001
SAMC008140,Sample_1760,7.58
SAMC008141,Sample_1761,7.225
SAMC008142,Sample_1762,6.550000000000001
SAMC008143,Sample_1763,6.5
SAMC008144,Sample_1764,6.860000000000001
SAMC008145,Sample_1765,6.68
SAMC008146,Sample_1766,6.56
SAMC008147,Sample_1767,6.925
SAMC008148,Sample_1768,6.9
SAMC008149,Sample_1769,6.82
SAMC008150,Sample_1707,7.08
SAMC008151,Sample_1770,7.340000000000001
SAMC008152,Sample_1771,7.35
SAMC008153,Sample_1772,7.0
SAMC008154,Sample_1773,7.333333333333333
SAMC008155,Sample_1774,6.7
SAMC008156,Sample_1775,7.239999999999999
SAMC008157,Sample_1776,6.74
SAMC008158,Sample_1777,6.58
SAMC008159,Sample_1778,7.220000000000001
SAMC008160,Sample_1779,6.780000000000001
SAMC008161,Sample_1708,7.050000000000001
SAMC008162,Sample_1780,6.5
SAMC008163,Sample_1781,7.0
SAMC008164,Sample_1783,6.949999999999999
SAMC008165,Sample_1784,6.4
SAMC008166,Sample_1787,7.0
SAMC008167,Sample_1788,7.159999999999999
SAMC008168,Sample_1789,7.0
SAMC008169,Sample_1790,7.2
SAMC008170,Sample_wyj30,6.860000000000001
SAMC008171,Sample_YD12,6.859999999999999
SAMC008172,Sample_1709,6.9
SAMC008173,Sample_EZ5,6.42
SAMC008174,Sample_1802,6.58
SAMC008175,Sample_1804,6.859999999999999
SAMC008176,Sample_1805,6.9799999999999995
SAMC008177,Sample_1806,7.1
SAMC008178,Sample_1808,7.0200000000000005
SAMC008179,Sample_1809,6.85
SAMC008180,Sample_1810,7.1
SAMC008181,Sample_1811,6.980000000000001
SAMC008182,Sample_1812,6.4
SAMC008183,Sample_yangzhou_199_1,6.779999999999999
SAMC008184,Sample_yangzhou_199_10,6.74
SAMC008185,Sample_yangzhou_199_100,6.92
SAMC008186,Sample_yangzhou_199_101,6.960000000000001
SAMC008187,Sample_yangzhou_199_102,6.74
SAMC008188,Sample_yangzhou_199_103,7.18
SAMC008189,Sample_yangzhou_199_104,6.640000000000001
SAMC008190,Sample_yangzhou_199_105,7.220000000000001
SAMC008191,Sample_yangzhou_199_106,7.0200000000000005
SAMC008192,Sample_yangzhou_199_107,6.8
SAMC008193,Sample_yangzhou_199_108,7.040000000000001
SAMC008194,Sample_yangzhou_199_109,6.919999999999999
SAMC008195,Sample_yangzhou_199_11,7.040000000000001
SAMC008196,Sample_yangzhou_199_110,6.74
SAMC008197,Sample_yangzhou_199_111,6.92
SAMC008198,Sample_yangzhou_199_112,6.599999999999999
SAMC008199,Sample_yangzhou_199_113,6.94
SAMC008200,Sample_yangzhou_199_114,7.0
SAMC008201,Sample_yangzhou_199_115,6.980000000000001
SAMC008202,Sample_yangzhou_199_116,6.85
SAMC008203,Sample_yangzhou_199_117,6.6800000000000015
SAMC008204,Sample_yangzhou_199_118,6.840000000000001
SAMC008205,Sample_yangzhou_199_119,7.019999999999999
SAMC008206,Sample_yangzhou_199_12,6.9
SAMC008207,Sample_yangzhou_199_120,7.06
SAMC008208,Sample_yangzhou_199_121,6.949999999999999
SAMC008209,Sample_yangzhou_199_122,6.775
SAMC008210,Sample_yangzhou_199_123,6.82
SAMC008211,Sample_yangzhou_199_124,7.039999999999999
SAMC008212,Sample_yangzhou_199_125,7.039999999999999
SAMC008213,Sample_yangzhou_199_126,6.720000000000001
SAMC008214,Sample_yangzhou_199_127,7.025
SAMC008215,Sample_yangzhou_199_128,6.88
SAMC008216,Sample_yangzhou_199_129,7.159999999999999
SAMC008217,Sample_yangzhou_199_13,7.0200000000000005
SAMC008218,Sample_yangzhou_199_130,7.2
SAMC008219,Sample_yangzhou_199_131,6.85
SAMC008220,Sample_yangzhou_199_132,6.7
SAMC008221,Sample_yangzhou_199_133,7.26
SAMC008222,Sample_yangzhou_199_134,7.4799999999999995
SAMC008223,Sample_yangzhou_199_135,6.76
SAMC008224,Sample_yangzhou_199_136,7.18
SAMC008225,Sample_yangzhou_199_137,7.324999999999999
SAMC008226,Sample_yangzhou_199_138,7.3
SAMC008227,Sample_yangzhou_199_139,7.2250000000000005
SAMC008228,Sample_yangzhou_199_14,7.025
SAMC008229,Sample_yangzhou_199_140,8.06
SAMC008230,Sample_yangzhou_199_141,8.56
SAMC008231,Sample_yangzhou_199_142,6.4
SAMC008232,Sample_yangzhou_199_143,6.44
SAMC008233,Sample_yangzhou_199_144,7.380000000000001
SAMC008234,Sample_yangzhou_199_145,7.8199999999999985
SAMC008235,Sample_yangzhou_199_146,7.419999999999999
SAMC008236,Sample_yangzhou_199_147,7.840000000000001
SAMC008237,Sample_yangzhou_199_148,8.225
SAMC008238,Sample_yangzhou_199_149,7.82
SAMC008239,Sample_yangzhou_199_15,7.040000000000001
SAMC008240,Sample_yangzhou_199_150,8.0
SAMC008241,Sample_yangzhou_199_151,7.3
SAMC008242,Sample_yangzhou_199_152,7.12
SAMC008243,Sample_yangzhou_199_153,7.92
SAMC008244,Sample_yangzhou_199_154,9.24
SAMC008245,Sample_yangzhou_199_155,7.540000000000001
SAMC008246,Sample_yangzhou_199_156,7.18
SAMC008247,Sample_yangzhou_199_157,6.859999999999999
SAMC008248,Sample_yangzhou_199_158,8.16
SAMC008249,Sample_yangzhou_199_159,7.9
SAMC008250,Sample_yangzhou_199_16,7.74
SAMC008251,Sample_yangzhou_199_160,6.380000000000001
SAMC008252,Sample_yangzhou_199_161,6.7
SAMC008253,Sample_yangzhou_199_162,7.08
SAMC008254,Sample_yangzhou_199_163,6.42
SAMC008255,Sample_yangzhou_199_164,6.840000000000001
SAMC008256,Sample_yangzhou_199_165,6.62
SAMC008257,Sample_yangzhou_199_166,6.4799999999999995
SAMC008258,Sample_yangzhou_199_167,6.839999999999999
SAMC008259,Sample_yangzhou_199_168,7.359999999999999
SAMC008260,Sample_yangzhou_199_169,7.1
SAMC008261,Sample_yangzhou_199_17,7.56
SAMC008262,Sample_yangzhou_199_170,7.06
SAMC008263,Sample_yangzhou_199_171,7.880000000000001
SAMC008264,Sample_yangzhou_199_172,7.780000000000001
SAMC008265,Sample_yangzhou_199_173,6.839999999999999
SAMC008266,Sample_yangzhou_199_174,6.9799999999999995
SAMC008267,Sample_yangzhou_199_175,7.359999999999999
SAMC008268,Sample_yangzhou_199_176,6.720000000000001
SAMC008269,Sample_yangzhou_199_177,7.74
SAMC008270,Sample_yangzhou_199_178,8.16
SAMC008271,Sample_yangzhou_199_179,6.8
SAMC008272,Sample_yangzhou_199_18,6.76
SAMC008273,Sample_yangzhou_199_180,6.92
SAMC008274,Sample_yangzhou_199_181,7.220000000000001
SAMC008275,Sample_yangzhou_199_182,8.34
SAMC008276,Sample_yangzhou_199_183,7.12
SAMC008277,Sample_yangzhou_199_184,6.6800000000000015
SAMC008278,Sample_yangzhou_199_185,6.779999999999999
SAMC008279,Sample_yangzhou_199_186,6.44
SAMC008280,Sample_yangzhou_199_187,7.5200000000000005
SAMC008281,Sample_yangzhou_199_188,7.9799999999999995
SAMC008282,Sample_yangzhou_199_189,6.720000000000001
SAMC008283,Sample_yangzhou_199_19,7.62
SAMC008284,Sample_yangzhou_199_190,6.839999999999999
SAMC008285,Sample_yangzhou_199_191,6.925
SAMC008286,Sample_yangzhou_199_192,9.080000000000002
SAMC008287,Sample_yangzhou_199_193,7.260000000000001
SAMC008288,Sample_yangzhou_199_194,6.8
SAMC008289,Sample_yangzhou_199_195,8.44
SAMC008290,Sample_yangzhou_199_196,6.760000000000001
SAMC008291,Sample_yangzhou_199_197,7.0200000000000005
SAMC008292,Sample_yangzhou_199_198,6.739999999999999
SAMC008293,Sample_yangzhou_199_199,6.36
SAMC008294,Sample_yangzhou_199_2,6.68
SAMC008295,Sample_yangzhou_199_20,7.32
SAMC008296,Sample_yangzhou_199_21,7.44
SAMC008297,Sample_yangzhou_199_22,6.779999999999999
SAMC008298,Sample_yangzhou_199_23,6.525
SAMC008299,Sample_yangzhou_199_24,6.8
SAMC008300,Sample_yangzhou_199_25,7.2
SAMC008301,Sample_yangzhou_199_26,6.68
SAMC008302,Sample_yangzhou_199_27,6.9799999999999995
SAMC008303,Sample_yangzhou_199_28,7.0
SAMC008304,Sample_yangzhou_199_29,6.7
SAMC008305,Sample_yangzhou_199_3,6.92
SAMC008306,Sample_yangzhou_199_30,7.2
SAMC008307,Sample_yangzhou_199_31,7.3199999999999985
SAMC008308,Sample_yangzhou_199_32,6.62
SAMC008309,Sample_yangzhou_199_33,6.88
SAMC008310,Sample_yangzhou_199_34,6.640000000000001
SAMC008311,Sample_yangzhou_199_35,7.119999999999999
SAMC008312,Sample_yangzhou_199_36,7.08
SAMC008313,Sample_yangzhou_199_37,7.12
SAMC008314,Sample_yangzhou_199_38,7.225
SAMC008315,Sample_yangzhou_199_39,6.75
SAMC008316,Sample_yangzhou_199_4,6.580000000000001
SAMC008317,Sample_yangzhou_199_40,6.9
SAMC008318,Sample_yangzhou_199_41,7.0
SAMC008319,Sample_yangzhou_199_42,6.62
SAMC008320,Sample_yangzhou_199_43,6.7
SAMC008321,Sample_yangzhou_199_44,6.960000000000001
SAMC008322,Sample_yangzhou_199_45,6.960000000000001
SAMC008323,Sample_yangzhou_199_46,7.380000000000001
SAMC008324,Sample_yangzhou_199_47,7.58
SAMC008325,Sample_yangzhou_199_48,7.0200000000000005
SAMC008326,Sample_yangzhou_199_49,6.933333333333334
SAMC008327,Sample_yangzhou_199_5,6.720000000000001
SAMC008328,Sample_yangzhou_199_50,7.18
SAMC008329,Sample_yangzhou_199_51,6.9799999999999995
SAMC008330,Sample_yangzhou_199_52,6.92
SAMC008331,Sample_yangzhou_199_53,6.68
SAMC008332,Sample_yangzhou_199_54,6.619999999999999
SAMC008333,Sample_yangzhou_199_55,7.040000000000001
SAMC008334,Sample_yangzhou_199_56,6.859999999999999
SAMC008335,Sample_yangzhou_199_57,6.82
SAMC008336,Sample_yangzhou_199_58,7.06
SAMC008337,Sample_yangzhou_199_59,6.860000000000001
SAMC008338,Sample_yangzhou_199_6,6.540000000000001
SAMC008339,Sample_yangzhou_199_60,7.140000000000001
SAMC008340,Sample_yangzhou_199_61,7.040000000000001
SAMC008341,Sample_yangzhou_199_62,7.160000000000001
SAMC008342,Sample_yangzhou_199_63,7.06
SAMC008343,Sample_yangzhou_199_64,7.140000000000001
SAMC008344,Sample_yangzhou_199_65,6.6
SAMC008345,Sample_yangzhou_199_66,7.040000000000001
SAMC008346,Sample_yangzhou_199_67,6.840000000000001
SAMC008347,Sample_yangzhou_199_68,7.2
SAMC008348,Sample_yangzhou_199_69,6.859999999999999
SAMC008349,Sample_yangzhou_199_7,6.6
SAMC008350,Sample_yangzhou_199_70,7.360000000000001
SAMC008351,Sample_yangzhou_199_71,6.5600000000000005
SAMC008352,Sample_yangzhou_199_72,6.8199999999999985
SAMC008353,Sample_yangzhou_199_73,6.9799999999999995
SAMC008354,Sample_yangzhou_199_74,6.959999999999999
SAMC008355,Sample_yangzhou_199_75,7.175000000000001
SAMC008356,Sample_yangzhou_199_76,6.5600000000000005
SAMC008357,Sample_yangzhou_199_77,6.459999999999999
SAMC008358,Sample_yangzhou_199_78,7.24
SAMC008359,Sample_yangzhou_199_79,7.1800000000000015
SAMC008360,Sample_yangzhou_199_8,6.75
SAMC008361,Sample_yangzhou_199_80,7.38
SAMC008362,Sample_yangzhou_199_81,6.8
SAMC008363,Sample_yangzhou_199_82,6.62
SAMC008364,Sample_yangzhou_199_83,7.0
SAMC008365,Sample_yangzhou_199_84,7.42
SAMC008366,Sample_yangzhou_199_85,6.919999999999999
SAMC008367,Sample_yangzhou_199_86,6.68
SAMC008368,Sample_yangzhou_199_87,6.88
SAMC008369,Sample_yangzhou_199_88,6.58
SAMC008370,Sample_yangzhou_199_89,6.660000000000001
SAMC008371,Sample_yangzhou_199_9,6.82
SAMC008372,Sample_yangzhou_199_90,6.92
SAMC008373,Sample_yangzhou_199_91,6.859999999999999
SAMC008374,Sample_yangzhou_199_92,6.82
SAMC008375,Sample_yangzhou_199_93,7.140000000000001
SAMC008376,Sample_yangzhou_199_94,6.9799999999999995
SAMC008377,Sample_yangzhou_199_95,6.82
SAMC008378,Sample_yangzhou_199_96,6.9799999999999995
SAMC008379,Sample_yangzhou_199_97,7.38
SAMC008380,Sample_yangzhou_199_98,7.08
SAMC008381,Sample_yangzhou_199_99,7.0600000000000005
SAMC008382,Sample_Y1,6.775
SAMC008383,Sample_Y10,6.9
SAMC008384,Sample_Y104,7.400000000000001
SAMC008385,Sample_Y105,8.2
SAMC008386,Sample_Y106,7.6
SAMC008387,Sample_Y107,6.925000000000001
SAMC008388,Sample_Y108,7.925
SAMC008389,Sample_Y109,7.025
SAMC008390,Sample_Y11,7.625
SAMC008391,Sample_Y110,7.25
SAMC008392,Sample_Y114,6.75
SAMC008393,Sample_Y12,6.324999999999999
SAMC008394,Sample_Y121,7.699999999999999
SAMC008395,Sample_Y123,7.625
SAMC008396,Sample_Y125,6.824999999999999
SAMC008397,Sample_Y13,6.325
SAMC008398,Sample_Y131,8.524999999999999
SAMC008399,Sample_Y14,7.074999999999999
SAMC008400,Sample_Y15,6.85
SAMC008401,Sample_Y17,6.7
SAMC008402,Sample_Y18,7.000000000000001
SAMC008403,Sample_Y19,7.225
SAMC008404,Sample_Y2,7.2749999999999995
SAMC008405,Sample_Y20,8.275
SAMC008406,Sample_Y21,7.375
SAMC008407,Sample_Y210,7.175
SAMC008408,Sample_Y219,6.949999999999999
SAMC008409,Sample_Y22,6.725
SAMC008410,Sample_Y220,6.975
SAMC008411,Sample_Y229,6.550000000000001
SAMC008412,Sample_Y23,7.225
SAMC008413,Sample_Y24,7.825
SAMC008414,Sample_Y243,7.1499999999999995
SAMC008415,Sample_Y244,7.075
SAMC008416,Sample_Y245,7.6000000000000005
SAMC008417,Sample_Y246,6.875000000000001
SAMC008418,Sample_Y247,8.225
SAMC008419,Sample_Y248,6.966666666666666
SAMC008420,Sample_Y249,7.466666666666666
SAMC008421,Sample_Y25,8.0
SAMC008422,Sample_Y250,7.766666666666667
SAMC008423,Sample_Y251,8.05
SAMC008424,Sample_Y252,8.5
SAMC008425,Sample_Y253,6.7749999999999995
SAMC008426,Sample_Y254,7.025
SAMC008427,Sample_Y255,8.350000000000001
SAMC008428,Sample_Y256,6.199999999999999
SAMC008429,Sample_Y257,7.525
SAMC008430,Sample_Y3,7.425
SAMC008431,Sample_Y4,7.6
SAMC008432,Sample_Y42,6.875
SAMC008433,Sample_Y5,7.6
SAMC008434,Sample_Y6,6.825
SAMC008435,Sample_Y7,7.025
SAMC008436,Sample_Y8,7.675000000000001
SAMC008437,Sample_Y86,6.8999999999999995
SAMC008438,Sample_Y87,7.775
SAMC008439,Sample_Y88,7.675
SAMC008440,Sample_Y9,6.6
SAMC008441,Sample_Y90,6.9
SAMC008442,Sample_Y91,7.450000000000001
SAMC008443,Sample_Y92,7.875000000000001
SAMC008444,Sample_Y94,6.8500000000000005
SAMC008445,Sample_Y95,7.225
SAMC008446,Sample_Y96,7.1000000000000005
SAMC008447,Sample_Y97,6.675000000000001
SAMC008448,Sample_Y99,6.5
SAMC008449,Sample_463,6.933333333333334
SAMC008450,Sample_462,7.6000000000000005
SAMC008451,Sample_461,7.875
SAMC008452,Sample_467,7.475
SAMC008453,Sample_464,7.933333333333333
SAMC008454,Sample_466,7.4
SAMC008455,Sample_465,7.35
SAMC008456,Sample_448,7.375
SAMC008457,Sample_449,8.049999999999999
SAMC008458,Sample_450,7.449999999999999
SAMC008459,Sample_455,7.225
SAMC008460,Sample_457,7.300000000000001
SAMC008461,Sample_458,7.775
SAMC008462,Sample_459,8.549999999999999
SAMC008463,Sample_460,8.475000000000001
SAMC008464,Sample_1,7.833333333333335
SAMC008465,Sample_10,7.466666666666668
SAMC008466,Sample_100,7.066666666666666
SAMC008467,Sample_101,7.116666666666667
SAMC008468,Sample_102,7.840000000000001
SAMC008469,Sample_103,7.083333333333333
SAMC008470,Sample_104,8.02
SAMC008471,Sample_105,7.140000000000001
SAMC008472,Sample_107,7.500000000000001
SAMC008473,Sample_108,7.1499999999999995
SAMC008474,Sample_109,7.033333333333334
SAMC008475,Sample_11,7.9
SAMC008476,Sample_110,7.62
SAMC008477,Sample_111,7.733333333333333
SAMC008478,Sample_112,7.8999999999999995
SAMC008479,Sample_114,7.783333333333332
SAMC008480,Sample_115,6.916666666666667
SAMC008481,Sample_116,6.8
SAMC008482,Sample_117,6.916666666666667
SAMC008483,Sample_118,7.816666666666666
SAMC008484,Sample_119,6.699999999999999
SAMC008485,Sample_12,6.733333333333334
SAMC008486,Sample_120,7.283333333333332
SAMC008487,Sample_121,7.5249999999999995
SAMC008488,Sample_122,7.999999999999999
SAMC008489,Sample_123,8.033333333333333
SAMC008490,Sample_124,7.583333333333333
SAMC008491,Sample_125,7.42
SAMC008492,Sample_126,6.983333333333333
SAMC008493,Sample_127,7.2
SAMC008494,Sample_128,7.283333333333332
SAMC008495,Sample_13,8.033333333333333
SAMC008496,Sample_130,8.799999999999999
SAMC008497,Sample_132,7.8999999999999995
SAMC008498,Sample_133,7.633333333333333
SAMC008499,Sample_134,7.766666666666666
SAMC008500,Sample_135,6.766666666666667
SAMC008501,Sample_137,7.8
SAMC008502,Sample_138,7.966666666666666
SAMC008503,Sample_139,6.933333333333334
SAMC008504,Sample_14,10.716666666666667
SAMC008505,Sample_140,7.466666666666666
SAMC008506,Sample_141,7.580000000000001
SAMC008507,Sample_142,7.683333333333333
SAMC008508,Sample_143,7.8500000000000005
SAMC008509,Sample_144,7.616666666666667
SAMC008510,Sample_145,7.516666666666667
SAMC008511,Sample_146,7.833333333333333
SAMC008512,Sample_147,7.083333333333335
SAMC008513,Sample_148,7.3500000000000005
SAMC008514,Sample_149,7.083333333333335
SAMC008515,Sample_15,8.65
SAMC008516,Sample_150,7.116666666666666
SAMC008517,Sample_151,7.083333333333333
SAMC008518,Sample_152,7.8
SAMC008519,Sample_153,7.016666666666667
SAMC008520,Sample_154,7.066666666666667
SAMC008521,Sample_155,7.666666666666667
SAMC008522,Sample_156,7.566666666666666
SAMC008523,Sample_157,8.559999999999999
SAMC008524,Sample_158,7.8500000000000005
SAMC008525,Sample_159,7.25
SAMC008526,Sample_16,7.033333333333334
SAMC008527,Sample_160,7.216666666666668
SAMC008528,Sample_161,7.8500000000000005
SAMC008529,Sample_162,7.733333333333333
SAMC008530,Sample_164,7.016666666666667
SAMC008531,Sample_165,6.916666666666667
SAMC008532,Sample_166,7.433333333333334
SAMC008533,Sample_168,8.016666666666667
SAMC008534,Sample_169,8.233333333333333
SAMC008535,Sample_17,8.25
SAMC008536,Sample_170,7.6
SAMC008537,Sample_171,7.333333333333333
SAMC008538,Sample_172,7.133333333333333
SAMC008539,Sample_173,6.975
SAMC008540,Sample_174,7.516666666666666
SAMC008541,Sample_175,7.816666666666666
SAMC008542,Sample_176,7.066666666666666
SAMC008543,Sample_177,7.050000000000001
SAMC008544,Sample_178,7.099999999999999
SAMC008545,Sample_179,6.933333333333334
SAMC008546,Sample_18,7.266666666666666
SAMC008547,Sample_180,7.133333333333333
SAMC008548,Sample_181,6.916666666666667
SAMC008549,Sample_182,7.0200000000000005
SAMC008550,Sample_183,7.2
SAMC008551,Sample_184,7.139999999999999
SAMC008552,Sample_185,7.266666666666667
SAMC008553,Sample_186,7.166666666666667
SAMC008554,Sample_187,7.400000000000001
SAMC008555,Sample_188,7.5
SAMC008556,Sample_189,6.6000000000000005
SAMC008557,Sample_19,7.216666666666666
SAMC008558,Sample_190,7.083333333333333
SAMC008559,Sample_191,7.016666666666667
SAMC008560,Sample_192,7.050000000000001
SAMC008561,Sample_194,7.279999999999999
SAMC008562,Sample_196,7.083333333333332
SAMC008563,Sample_197,7.233333333333333
SAMC008564,Sample_198,6.8999999999999995
SAMC008565,Sample_199,7.066666666666666
SAMC008566,Sample_2,7.483333333333334
SAMC008567,Sample_20,8.233333333333333
SAMC008568,Sample_200,7.283333333333334
SAMC008569,Sample_201,7.366666666666667
SAMC008570,Sample_202,7.083333333333333
SAMC008571,Sample_203,7.1000000000000005
SAMC008572,Sample_204,7.1000000000000005
SAMC008573,Sample_206,7.12
SAMC008574,Sample_207,7.2
SAMC008575,Sample_208,7.083333333333333
SAMC008576,Sample_209,7.0
SAMC008577,Sample_21,9.450000000000001
SAMC008578,Sample_210,7.45
SAMC008579,Sample_211,7.3
SAMC008580,Sample_212,7.616666666666667
SAMC008581,Sample_213,6.566666666666666
SAMC008582,Sample_214,7.75
SAMC008583,Sample_215,8.05
SAMC008584,Sample_216,7.150000000000001
SAMC008585,Sample_217,7.266666666666667
SAMC008586,Sample_218,7.166666666666665
SAMC008587,Sample_219,7.349999999999999
SAMC008588,Sample_22,7.933333333333334
SAMC008589,Sample_220,6.95
SAMC008590,Sample_222,7.6000000000000005
SAMC008591,Sample_223,6.966666666666668
SAMC008592,Sample_224,7.083333333333333
SAMC008593,Sample_225,6.699999999999999
SAMC008594,Sample_226,7.139999999999999
SAMC008595,Sample_227,7.166666666666667
SAMC008596,Sample_229,7.260000000000001
SAMC008597,Sample_23,7.780000000000001
SAMC008598,Sample_230,7.5
SAMC008599,Sample_231,7.066666666666666
SAMC008600,Sample_232,7.033333333333332
SAMC008601,Sample_233,7.45
SAMC008602,Sample_234,6.966666666666668
SAMC008603,Sample_235,7.220000000000001
SAMC008604,Sample_236,7.233333333333333
SAMC008605,Sample_237,7.199999999999999
SAMC008606,Sample_238,7.1499999999999995
SAMC008607,Sample_239,6.983333333333334
SAMC008608,Sample_24,8.366666666666665
SAMC008609,Sample_240,7.1499999999999995
SAMC008610,Sample_241,7.6000000000000005
SAMC008611,Sample_242,7.066666666666667
SAMC008612,Sample_243,6.800000000000001
SAMC008613,Sample_244,7.016666666666667
SAMC008614,Sample_245,7.016666666666668
SAMC008615,Sample_246,7.333333333333332
SAMC008616,Sample_247,7.1499999999999995
SAMC008617,Sample_248,7.359999999999999
SAMC008618,Sample_249,7.1800000000000015
SAMC008619,Sample_25,7.283333333333332
SAMC008620,Sample_250,7.033333333333334
SAMC008621,Sample_251,7.233333333333333
SAMC008622,Sample_252,6.966666666666666
SAMC008623,Sample_253,7.133333333333333
SAMC008624,Sample_254,7.383333333333334
SAMC008625,Sample_255,7.716666666666668
SAMC008626,Sample_256,6.816666666666666
SAMC008627,Sample_257,7.1000000000000005
SAMC008628,Sample_258,7.333333333333333
SAMC008629,Sample_259,7.183333333333334
SAMC008630,Sample_26,7.38
SAMC008631,Sample_260,7.1499999999999995
SAMC008632,Sample_261,7.266666666666667
SAMC008633,Sample_262,7.300000000000001
SAMC008634,Sample_263,7.683333333333334
SAMC008635,Sample_265,7.316666666666666
SAMC008636,Sample_266,7.066666666666667
SAMC008637,Sample_267,7.499999999999999
SAMC008638,Sample_268,7.266666666666667
SAMC008639,Sample_269,7.5
SAMC008640,Sample_27,7.683333333333334
SAMC008641,Sample_270,7.316666666666666
SAMC008642,Sample_271,7.666666666666667
SAMC008643,Sample_272,7.55
SAMC008644,Sample_273,7.333333333333333
SAMC008645,Sample_275,7.119999999999999
SAMC008646,Sample_276,7.1499999999999995
SAMC008647,Sample_277,7.300000000000001
SAMC008648,Sample_278,8.333333333333332
SAMC008649,Sample_279,7.400000000000001
SAMC008650,Sample_28,7.316666666666666
SAMC008651,Sample_280,7.199999999999999
SAMC008652,Sample_281,7.1499999999999995
SAMC008653,Sample_282,7.525
SAMC008654,Sample_283,7.266666666666667
SAMC008655,Sample_284,7.166666666666668
SAMC008656,Sample_285,7.333333333333335
SAMC008657,Sample_286,6.916666666666667
SAMC008658,Sample_287,6.933333333333334
SAMC008659,Sample_288,7.050000000000001
SAMC008660,Sample_289,7.583333333333335
SAMC008661,Sample_29,7.42
SAMC008662,Sample_290,7.166666666666665
SAMC008663,Sample_291,7.3999999999999995
SAMC008664,Sample_292,7.416666666666667
SAMC008665,Sample_293,7.316666666666667
SAMC008666,Sample_294,6.716666666666668
SAMC008667,Sample_295,7.5200000000000005
SAMC008668,Sample_296,7.983333333333334
SAMC008669,Sample_297,7.366666666666666
SAMC008670,Sample_299,7.716666666666668
SAMC008671,Sample_3,7.2
SAMC008672,Sample_30,7.8500000000000005
SAMC008673,Sample_300,7.316666666666667
SAMC008674,Sample_301,8.299999999999999
SAMC008675,Sample_302,7.8166666666666655
SAMC008676,Sample_303,8.133333333333333
SAMC008677,Sample_304,7.066666666666666
SAMC008678,Sample_305,7.65
SAMC008679,Sample_306,7.125
SAMC008680,Sample_307,7.839999999999999
SAMC008681,Sample_308,7.8
SAMC008682,Sample_309,7.18
SAMC008683,Sample_31,6.933333333333334
SAMC008684,Sample_310,8.383333333333335
SAMC008685,Sample_311,8.18
SAMC008686,Sample_312,8.1
SAMC008687,Sample_313,7.050000000000001
SAMC008688,Sample_314,7.133333333333333
SAMC008689,Sample_315,7.6499999999999995
SAMC008690,Sample_316,7.5
SAMC008691,Sample_317,7.433333333333334
SAMC008692,Sample_318,7.400000000000001
SAMC008693,Sample_319,7.566666666666666
SAMC008694,Sample_32,7.183333333333334
SAMC008695,Sample_320,6.816666666666666
SAMC008696,Sample_321,7.199999999999999
SAMC008697,Sample_322,6.9750000000000005
SAMC008698,Sample_323,7.18
SAMC008699,Sample_324,7.433333333333334
SAMC008700,Sample_325,8.516666666666666
SAMC008701,Sample_326,7.033333333333334
SAMC008702,Sample_327,7.183333333333333
SAMC008703,Sample_328,6.933333333333333
SAMC008704,Sample_329,7.4
SAMC008705,Sample_33,7.383333333333333
SAMC008706,Sample_331,7.739999999999999
SAMC008707,Sample_332,8.316666666666668
SAMC008708,Sample_333,8.1
SAMC008709,Sample_334,7.166666666666667
SAMC008710,Sample_335,7.849999999999999
SAMC008711,Sample_336,8.25
SAMC008712,Sample_337,7.516666666666666
SAMC008713,Sample_338,8.080000000000002
SAMC008714,Sample_339,8.333333333333334
SAMC008715,Sample_34,7.4
SAMC008716,Sample_340,7.833333333333333
SAMC008717,Sample_341,7.720000000000001
SAMC008718,Sample_342,8.75
SAMC008719,Sample_343,8.25
SAMC008720,Sample_344,8.15
SAMC008721,Sample_345,8.299999999999999
SAMC008722,Sample_346,8.0
SAMC008723,Sample_347,8.35
SAMC008724,Sample_348,7.840000000000001
SAMC008725,Sample_349,7.82
SAMC008726,Sample_35,7.419999999999999
SAMC008727,Sample_350,8.14
SAMC008728,Sample_351,8.216666666666667
SAMC008729,Sample_352,8.000000000000002
SAMC008730,Sample_353,8.033333333333333
SAMC008731,Sample_354,8.216666666666667
SAMC008732,Sample_355,7.416666666666667
SAMC008733,Sample_356,7.1499999999999995
SAMC008734,Sample_357,6.933333333333333
SAMC008735,Sample_358,8.916666666666666
SAMC008736,Sample_359,7.516666666666667
SAMC008737,Sample_36,7.3
SAMC008738,Sample_360,8.583333333333334
SAMC008739,Sample_361,8.45
SAMC008740,Sample_362,7.116666666666666
SAMC008741,Sample_363,7.216666666666668
SAMC008742,Sample_364,7.133333333333333
SAMC008743,Sample_365,7.366666666666666
SAMC008744,Sample_366,7.333333333333333
SAMC008745,Sample_367,6.516666666666667
SAMC008746,Sample_368,7.55
SAMC008747,Sample_37,6.933333333333334
SAMC008748,Sample_370,7.483333333333333
SAMC008749,Sample_371,7.75
SAMC008750,Sample_372,7.75
SAMC008751,Sample_373,7.8
SAMC008752,Sample_374,7.166666666666667
SAMC008753,Sample_375,7.233333333333333
SAMC008754,Sample_376,7.466666666666666
SAMC008755,Sample_377,7.12
SAMC008756,Sample_378,7.12
SAMC008757,Sample_379,7.933333333333333
SAMC008758,Sample_38,6.916666666666667
SAMC008759,Sample_380,7.666666666666667
SAMC008760,Sample_381,8.25
SAMC008761,Sample_382,7.866666666666667
SAMC008762,Sample_383,7.433333333333333
SAMC008763,Sample_384,6.3999999999999995
SAMC008764,Sample_385,6.800000000000001
SAMC008765,Sample_386,7.0
SAMC008766,Sample_387,7.659999999999999
SAMC008767,Sample_388,7.283333333333334
SAMC008768,Sample_389,7.283333333333334
SAMC008769,Sample_39,7.45
SAMC008770,Sample_390,7.483333333333334
SAMC008771,Sample_391,7.333333333333333
SAMC008772,Sample_392,7.166666666666667
SAMC008773,Sample_393,7.133333333333334
SAMC008774,Sample_396,7.766666666666666
SAMC008775,Sample_397,7.749999999999999
SAMC008776,Sample_398,8.333333333333334
SAMC008777,Sample_399,7.366666666666666
SAMC008778,Sample_4,6.783333333333332
SAMC008779,Sample_40,6.783333333333334
SAMC008780,Sample_401,7.6000000000000005
SAMC008781,Sample_402,8.15
SAMC008782,Sample_403,7.216666666666668
SAMC008783,Sample_404,7.68
SAMC008784,Sample_405,7.183333333333333
SAMC008785,Sample_406,7.349999999999999
SAMC008786,Sample_407,7.183333333333334
SAMC008787,Sample_408,7.2
SAMC008788,Sample_409,7.233333333333333
SAMC008789,Sample_41,7.366666666666667
SAMC008790,Sample_410,8.683333333333335
SAMC008791,Sample_411,8.1
SAMC008792,Sample_412,7.766666666666667
SAMC008793,Sample_414,7.1499999999999995
SAMC008794,Sample_415,7.1000000000000005
SAMC008795,Sample_417,7.74
SAMC008796,Sample_419,7.283333333333332
SAMC008797,Sample_42,7.35
SAMC008798,Sample_420,7.8199999999999985
SAMC008799,Sample_421,7.583333333333333
SAMC008800,Sample_422,7.966666666666668
SAMC008801,Sample_424,7.466666666666668
SAMC008802,Sample_425,7.0
SAMC008803,Sample_426,7.116666666666667
SAMC008804,Sample_427,7.216666666666666
SAMC008805,Sample_428,7.633333333333334
SAMC008806,Sample_429,8.233333333333334
SAMC008807,Sample_43,7.6000000000000005
SAMC008808,Sample_430,7.833333333333333
SAMC008809,Sample_431,7.380000000000001
SAMC008810,Sample_432,7.816666666666667
SAMC008811,Sample_433,7.599999999999999
SAMC008812,Sample_434,7.616666666666667
SAMC008813,Sample_435,7.449999999999999
SAMC008814,Sample_436,7.316666666666666
SAMC008815,Sample_437,7.640000000000001
SAMC008816,Sample_438,7.8500000000000005
SAMC008817,Sample_439,7.750000000000001
SAMC008818,Sample_44,7.000000000000001
SAMC008819,Sample_440,7.659999999999999
SAMC008820,Sample_441,7.683333333333334
SAMC008821,Sample_442,7.866666666666667
SAMC008822,Sample_443,7.216666666666666
SAMC008823,Sample_444,7.199999999999999
SAMC008824,Sample_445,7.516666666666667
SAMC008825,Sample_446,7.859999999999999
SAMC008826,Sample_447,6.859999999999999
SAMC008827,Sample_45,6.6000000000000005
SAMC008828,Sample_46,7.459999999999999
SAMC008829,Sample_47,6.8
SAMC008830,Sample_48,6.833333333333333
SAMC008831,Sample_49,6.883333333333333
SAMC008832,Sample_5,7.766666666666667
SAMC008833,Sample_50,7.3
SAMC008834,Sample_51,7.383333333333333
SAMC008835,Sample_52,6.866666666666667
SAMC008836,Sample_53,6.866666666666667
SAMC008837,Sample_54,6.900000000000001
SAMC008838,Sample_55,7.1499999999999995
SAMC008839,Sample_56,7.050000000000001
SAMC008840,Sample_57,7.516666666666667
SAMC008841,Sample_59,6.816666666666666
SAMC008842,Sample_6,7.400000000000001
SAMC008843,Sample_60,7.233333333333333
SAMC008844,Sample_61,6.683333333333334
SAMC008845,Sample_62,7.166666666666667
SAMC008846,Sample_63,7.383333333333333
SAMC008847,Sample_64,8.6
SAMC008848,Sample_65,7.233333333333333
SAMC008849,Sample_66,7.566666666666666
SAMC008850,Sample_67,6.883333333333333
SAMC008851,Sample_68,7.833333333333332
SAMC008852,Sample_69,7.2
SAMC008853,Sample_7,7.616666666666666
SAMC008854,Sample_70,6.800000000000001
SAMC008855,Sample_71,7.133333333333333
SAMC008856,Sample_72,7.1499999999999995
SAMC008857,Sample_73,7.516666666666666
SAMC008858,Sample_74,6.933333333333334
SAMC008859,Sample_75,7.183333333333333
SAMC008860,Sample_76,7.083333333333335
SAMC008861,Sample_77,7.4
SAMC008862,Sample_78,7.033333333333332
SAMC008863,Sample_79,6.95
SAMC008864,Sample_8,7.166666666666667
SAMC008865,Sample_80,6.779999999999999
SAMC008866,Sample_81,6.983333333333332
SAMC008867,Sample_82,7.933333333333334
SAMC008868,Sample_83,7.283333333333332
SAMC008869,Sample_84,7.433333333333333
SAMC008870,Sample_85,8.15
SAMC008871,Sample_87,7.066666666666666
SAMC008872,Sample_88,6.966666666666668
SAMC008873,Sample_89,8.483333333333334
SAMC008874,Sample_9,8.266666666666667
SAMC008875,Sample_90,7.840000000000001
SAMC008876,Sample_91,7.3999999999999995
SAMC008877,Sample_92,6.95
SAMC008878,Sample_93,7.116666666666667
SAMC008879,Sample_94,7.166666666666667
SAMC008880,Sample_95,7.533333333333332
SAMC008881,Sample_96,7.016666666666667
SAMC008882,Sample_97,7.45
SAMC008883,Sample_98,7.3500000000000005
SAMC008884,Sample_99,7.8
SAMC008885,Sample_468,7.875
SAMC008886,Sample_478,8.0
SAMC008887,Sample_479,8.45
SAMC008888,Sample_480,8.125
SAMC008889,Sample_481,7.675
SAMC008890,Sample_482,8.0
SAMC008891,Sample_470,7.733333333333333
SAMC008892,Sample_471,7.8
SAMC008893,Sample_472,7.825
SAMC008894,Sample_473-1,7.775
SAMC008895,Sample_474,7.55
SAMC008896,Sample_475,7.65
SAMC008897,Sample_476,8.1
SAMC008898,Sample_477,7.700000000000001
SAMC071937,Sample_GS179,
SAMC071938,Sample_GS190,
SAMC071939,Sample_GS193,
SAMC071940,Sample_GS202,
SAMC071941,Sample_GS208,
SAMC071942,Sample_GS209,
SAMC071943,Sample_GS210,
SAMC071944,Sample_GS211,
SAMC071945,Sample_GS212,
SAMC071946,Sample_GS217,
SAMC071947,Sample_GS218,
SAMC071948,Sample_GS228,
SAMC071949,Sample_GS230,
SAMC071950,Sample_GS232,
SAMC071951,Sample_GS233,
SAMC071952,Sample_GS234,
SAMC071953,Sample_GS235,
SAMC071954,Sample_L1,10.4
SAMC071955,Sample_L10,9.375
SAMC071956,Sample_L11,8.424999999999999
SAMC071957,Sample_L13,9.266666666666667
SAMC071958,Sample_L14,9.350000000000001
SAMC071959,Sample_L15,10.0
SAMC071960,Sample_L16,9.65
SAMC071961,Sample_L17,9.375
SAMC071962,Sample_L18,9.65
SAMC071963,Sample_L19,7.55
SAMC071964,Sample_L2,9.25
SAMC071965,Sample_L20,8.45
SAMC071966,Sample_L21,8.65
SAMC071967,Sample_L22,8.575
SAMC071968,Sample_L23,8.875
SAMC071969,Sample_L24,8.2
SAMC071970,Sample_L25,7.599999999999999
SAMC071971,Sample_L26,7.4
SAMC071972,Sample_L27,8.6
SAMC071973,Sample_L28,9.424999999999999
SAMC071974,Sample_L29,9.175
SAMC071975,Sample_L3,9.899999999999999
SAMC071976,Sample_L4,9.4
SAMC071977,Sample_L5,10.3
SAMC071978,Sample_L6,9.0
SAMC071979,Sample_L7,9.1
SAMC071980,Sample_L8,9.225
SAMC071981,Sample_L9,9.833333333333334
SAMC071982,Sample_yangzhou_226_1,9.059999999999999
SAMC071983,Sample_yangzhou_226_10,8.72
SAMC071984,Sample_yangzhou_226_100,9.16
SAMC071985,Sample_yangzhou_226_101,9.1
SAMC071986,Sample_yangzhou_226_102,9.1
SAMC071987,Sample_yangzhou_226_103,9.84
SAMC071988,Sample_yangzhou_226_104,9.4
SAMC071989,Sample_yangzhou_226_105,9.52
SAMC071990,Sample_yangzhou_226_106,9.440000000000001
SAMC071991,Sample_yangzhou_226_107,9.540000000000001
SAMC071992,Sample_yangzhou_226_108,9.2
SAMC071993,Sample_yangzhou_226_109,10.620000000000001
SAMC071994,Sample_yangzhou_226_11,8.819999999999999
SAMC071995,Sample_yangzhou_226_110,9.28
SAMC071996,Sample_yangzhou_226_111,9.7
SAMC071997,Sample_yangzhou_226_112,10.040000000000001
SAMC071998,Sample_yangzhou_226_113,9.8
SAMC071999,Sample_yangzhou_226_114,10.28
SAMC072000,Sample_yangzhou_226_115,10.425
SAMC072001,Sample_yangzhou_226_116,9.84
SAMC072002,Sample_yangzhou_226_117,10.099999999999998
SAMC072003,Sample_yangzhou_226_118,9.379999999999999
SAMC072004,Sample_yangzhou_226_119,9.62
SAMC072005,Sample_yangzhou_226_12,9.26
SAMC072006,Sample_yangzhou_226_120,9.36
SAMC072007,Sample_yangzhou_226_121,9.440000000000001
SAMC072008,Sample_yangzhou_226_122,9.059999999999999
SAMC072009,Sample_yangzhou_226_123,6.666666666666667
SAMC072010,Sample_yangzhou_226_124,9.879999999999999
SAMC072011,Sample_yangzhou_226_125,8.1
SAMC072012,Sample_yangzhou_226_126,9.8
SAMC072013,Sample_yangzhou_226_127,9.325
SAMC072014,Sample_yangzhou_226_128,9.2
SAMC072015,Sample_yangzhou_226_129,9.280000000000001
SAMC072016,Sample_yangzhou_226_13,8.059999999999999
SAMC072017,Sample_yangzhou_226_130,9.919999999999998
SAMC072018,Sample_yangzhou_226_131,9.24
SAMC072019,Sample_yangzhou_226_132,9.1
SAMC072020,Sample_yangzhou_226_133,9.274999999999999
SAMC072021,Sample_yangzhou_226_134,8.779999999999998
SAMC072022,Sample_yangzhou_226_135,8.919999999999998
SAMC072023,Sample_yangzhou_226_136,9.780000000000001
SAMC072024,Sample_yangzhou_226_137,9.9
SAMC072025,Sample_yangzhou_226_138,9.220000000000002
SAMC072026,Sample_yangzhou_226_139,8.4
SAMC072027,Sample_yangzhou_226_14,9.02
SAMC072028,Sample_yangzhou_226_140,8.1
SAMC072029,Sample_yangzhou_226_141,9.739999999999998
SAMC072030,Sample_yangzhou_226_142,9.680000000000001
SAMC072031,Sample_yangzhou_226_143,9.1
SAMC072032,Sample_yangzhou_226_144,9.080000000000002
SAMC072033,Sample_yangzhou_226_145,8.940000000000001
SAMC072034,Sample_yangzhou_226_146,9.319999999999999
SAMC072035,Sample_yangzhou_226_147,9.459999999999999
SAMC072036,Sample_yangzhou_226_148,9.219999999999999
SAMC072037,Sample_yangzhou_226_149,7.9
SAMC072038,Sample_yangzhou_226_15,8.979999999999999
SAMC072039,Sample_yangzhou_226_150,7.3
SAMC072040,Sample_yangzhou_226_151,9.575
SAMC072041,Sample_yangzhou_226_152,9.475
SAMC072042,Sample_yangzhou_226_153,8.424999999999999
SAMC072043,Sample_yangzhou_226_154,9.149999999999999
SAMC072044,Sample_yangzhou_226_155,8.975
SAMC072045,Sample_yangzhou_226_156,7.925000000000001
SAMC072046,Sample_yangzhou_226_157,8.899999999999999
SAMC072047,Sample_yangzhou_226_158,7.575
SAMC072048,Sample_yangzhou_226_159,8.75
SAMC072049,Sample_yangzhou_226_16,8.98
SAMC072050,Sample_yangzhou_226_160,8.95
SAMC072051,Sample_yangzhou_226_161,9.7
SAMC072052,Sample_yangzhou_226_162,7.6
SAMC072053,Sample_yangzhou_226_163,8.919999999999998
SAMC072054,Sample_yangzhou_226_164,7.8
SAMC072055,Sample_yangzhou_226_165,7.8500000000000005
SAMC072056,Sample_yangzhou_226_166,8.8
SAMC072057,Sample_yangzhou_226_167,9.74
SAMC072058,Sample_yangzhou_226_168,7.540000000000001
SAMC072059,Sample_yangzhou_226_169,8.799999999999999
SAMC072060,Sample_yangzhou_226_17,8.940000000000001
SAMC072061,Sample_yangzhou_226_170,9.280000000000001
SAMC072062,Sample_yangzhou_226_171,8.16
SAMC072063,Sample_yangzhou_226_172,10.4
SAMC072064,Sample_yangzhou_226_173,9.200000000000001
SAMC072065,Sample_yangzhou_226_174,9.620000000000001
SAMC072066,Sample_yangzhou_226_175,9.7
SAMC072067,Sample_yangzhou_226_176,9.0
SAMC072068,Sample_yangzhou_226_177,8.540000000000001
SAMC072069,Sample_yangzhou_226_178,9.040000000000001
SAMC072070,Sample_yangzhou_226_179,7.74
SAMC072071,Sample_yangzhou_226_18,9.76
SAMC072072,Sample_yangzhou_226_180,7.12
SAMC072073,Sample_yangzhou_226_182,10.36
SAMC072074,Sample_yangzhou_226_183,8.8
SAMC072075,Sample_yangzhou_226_184,7.6
SAMC072076,Sample_yangzhou_226_185,9.02
SAMC072077,Sample_yangzhou_226_186,8.879999999999999
SAMC072078,Sample_yangzhou_226_187,9.24
SAMC072079,Sample_yangzhou_226_188,8.66
SAMC072080,Sample_yangzhou_226_189,8.82
SAMC072081,Sample_yangzhou_226_19,9.180000000000001
SAMC072082,Sample_yangzhou_226_190,8.5
SAMC072083,Sample_yangzhou_226_191,9.1
SAMC072084,Sample_yangzhou_226_192,9.48
SAMC072085,Sample_yangzhou_226_193,8.9
SAMC072086,Sample_yangzhou_226_194,6.8
SAMC072087,Sample_yangzhou_226_195,9.08
SAMC072088,Sample_yangzhou_226_196,7.960000000000001
SAMC072089,Sample_yangzhou_226_197,8.08
SAMC072090,Sample_yangzhou_226_198,7.279999999999999
SAMC072091,Sample_yangzhou_226_199,7.5
SAMC072092,Sample_yangzhou_226_2,9.059999999999999
SAMC072093,Sample_yangzhou_226_20,8.7
SAMC072094,Sample_yangzhou_226_200,8.139999999999999
SAMC072095,Sample_yangzhou_226_201,10.540000000000001
SAMC072096,Sample_yangzhou_226_202,9.2
SAMC072097,Sample_yangzhou_226_203,8.3
SAMC072098,Sample_yangzhou_226_204,9.059999999999999
SAMC072099,Sample_yangzhou_226_205,8.879999999999999
SAMC072100,Sample_yangzhou_226_206,9.48
SAMC072101,Sample_yangzhou_226_207,9.92
SAMC072102,Sample_yangzhou_226_208,9.219999999999999
SAMC072103,Sample_yangzhou_226_209,7.779999999999999
SAMC072104,Sample_yangzhou_226_21,8.14
SAMC072105,Sample_yangzhou_226_210,8.02
SAMC072106,Sample_yangzhou_226_211,9.760000000000002
SAMC072107,Sample_yangzhou_226_212,8.85
SAMC072108,Sample_yangzhou_226_213,8.633333333333333
SAMC072109,Sample_yangzhou_226_214,9.575
SAMC072110,Sample_yangzhou_226_215,9.180000000000001
SAMC072111,Sample_yangzhou_226_216,7.7
SAMC072112,Sample_yangzhou_226_217,8.96
SAMC072113,Sample_yangzhou_226_218,8.14
SAMC072114,Sample_yangzhou_226_219,8.940000000000001
SAMC072115,Sample_yangzhou_226_22,9.059999999999999
SAMC072116,Sample_yangzhou_226_220,9.28
SAMC072117,Sample_yangzhou_226_221,9.56
SAMC072118,Sample_yangzhou_226_222,9.4
SAMC072119,Sample_yangzhou_226_223,10.64
SAMC072120,Sample_yangzhou_226_224,9.379999999999999
SAMC072121,Sample_yangzhou_226_225,9.180000000000001
SAMC072122,Sample_yangzhou_226_226,9.12
SAMC072123,Sample_yangzhou_226_227,
SAMC072124,Sample_yangzhou_226_228,
SAMC072125,Sample_yangzhou_226_23,8.72
SAMC072126,Sample_yangzhou_226_24,9.14
SAMC072127,Sample_yangzhou_226_25,9.559999999999999
SAMC072128,Sample_yangzhou_226_26,8.6
SAMC072129,Sample_yangzhou_226_27,8.24
SAMC072130,Sample_yangzhou_226_28,8.5
SAMC072131,Sample_yangzhou_226_29,8.120000000000001
SAMC072132,Sample_yangzhou_226_3,7.58
SAMC072133,Sample_yangzhou_226_30,8.919999999999998
SAMC072134,Sample_yangzhou_226_31,9.48
SAMC072135,Sample_yangzhou_226_32,8.379999999999999
SAMC072136,Sample_yangzhou_226_33,8.18
SAMC072137,Sample_yangzhou_226_34,8.5
SAMC072138,Sample_yangzhou_226_35,8.52
SAMC072139,Sample_yangzhou_226_36,9.02
SAMC072140,Sample_yangzhou_226_37,9.175
SAMC072141,Sample_yangzhou_226_38,9.3
SAMC072142,Sample_yangzhou_226_39,8.866666666666665
SAMC072143,Sample_yangzhou_226_4,9.319999999999999
SAMC072144,Sample_yangzhou_226_40,8.375
SAMC072145,Sample_yangzhou_226_41,8.675
SAMC072146,Sample_yangzhou_226_42,8.65
SAMC072147,Sample_yangzhou_226_43,8.85
SAMC072148,Sample_yangzhou_226_44,8.933333333333332
SAMC072149,Sample_yangzhou_226_45,8.4
SAMC072150,Sample_yangzhou_226_46,8.425
SAMC072151,Sample_yangzhou_226_47,9.066666666666668
SAMC072152,Sample_yangzhou_226_48,8.65
SAMC072153,Sample_yangzhou_226_49,8.475000000000001
SAMC072154,Sample_yangzhou_226_5,8.819999999999999
SAMC072155,Sample_yangzhou_226_50,9.2
SAMC072156,Sample_yangzhou_226_51,9.2
SAMC072157,Sample_yangzhou_226_53,8.825000000000001
SAMC072158,Sample_yangzhou_226_54,9.3
SAMC072159,Sample_yangzhou_226_55,9.62
SAMC072160,Sample_yangzhou_226_56,9.18
SAMC072161,Sample_yangzhou_226_57,9.18
SAMC072162,Sample_yangzhou_226_58,9.24
SAMC072163,Sample_yangzhou_226_59,8.86
SAMC072164,Sample_yangzhou_226_6,7.58
SAMC072165,Sample_yangzhou_226_60,8.9
SAMC072166,Sample_yangzhou_226_61,9.34
SAMC072167,Sample_yangzhou_226_62,10.440000000000001
SAMC072168,Sample_yangzhou_226_63,9.975000000000001
SAMC072169,Sample_yangzhou_226_64,9.46
SAMC072170,Sample_yangzhou_226_65,9.86
SAMC072171,Sample_yangzhou_226_66,9.24
SAMC072172,Sample_yangzhou_226_67,9.6
SAMC072173,Sample_yangzhou_226_68,9.0
SAMC072174,Sample_yangzhou_226_69,9.12
SAMC072175,Sample_yangzhou_226_7,8.9
SAMC072176,Sample_yangzhou_226_70,8.2
SAMC072177,Sample_yangzhou_226_71,8.8
SAMC072178,Sample_yangzhou_226_72,9.26
SAMC072179,Sample_yangzhou_226_73,8.98
SAMC072180,Sample_yangzhou_226_74,9.3
SAMC072181,Sample_yangzhou_226_75,9.860000000000001
SAMC072182,Sample_yangzhou_226_76,9.5
SAMC072183,Sample_yangzhou_226_77,9.66
SAMC072184,Sample_yangzhou_226_78,10.325
SAMC072185,Sample_yangzhou_226_79,9.52
SAMC072186,Sample_yangzhou_226_8,7.7
SAMC072187,Sample_yangzhou_226_80,8.900000000000002
SAMC072188,Sample_yangzhou_226_81,9.879999999999999
SAMC072189,Sample_yangzhou_226_82,9.22
SAMC072190,Sample_yangzhou_226_83,9.75
SAMC072191,Sample_yangzhou_226_84,9.059999999999999
SAMC072192,Sample_yangzhou_226_85,10.52
SAMC072193,Sample_yangzhou_226_86,7.859999999999999
SAMC072194,Sample_yangzhou_226_87,7.3
SAMC072195,Sample_yangzhou_226_88,9.46
SAMC072196,Sample_yangzhou_226_89,8.780000000000001
SAMC072197,Sample_yangzhou_226_9,8.959999999999999
SAMC072198,Sample_yangzhou_226_90,9.34
SAMC072199,Sample_yangzhou_226_91,9.14
SAMC072200,Sample_yangzhou_226_92,10.2
SAMC072201,Sample_yangzhou_226_93,10.280000000000001
SAMC072202,Sample_yangzhou_226_94,8.860000000000001
SAMC072203,Sample_yangzhou_226_95,9.7
SAMC072204,Sample_yangzhou_226_96,10.375
SAMC072205,Sample_yangzhou_226_97,9.26
SAMC072206,Sample_yangzhou_226_98,8.7
SAMC072207,Sample_yangzhou_226_99,9.08
SAMC072208,Sample_YCX331,
SAMC072209,Sample_YCX332,
SAMC072210,Sample_YCX333,9.266666666666667
SAMC072211,Sample_YCX334,9.033333333333333
SAMC072212,Sample_YCX335,8.633333333333333
SAMC072213,Sample_YCX336,8.1
SAMC072214,Sample_YCX337,8.533333333333333
SAMC072215,Sample_YCX338,8.9
SAMC072216,Sample_YCX339,8.866666666666667
SAMC072217,Sample_YCX340,8.6
SAMC072218,Sample_YCX341,9.633333333333335
SAMC072219,Sample_YCX342,9.466666666666667
SAMC072220,Sample_YCX343,8.833333333333334
SAMC072221,Sample_YCX344,8.9
SAMC072222,Sample_YCX345,9.233333333333333
SAMC072223,Sample_YCX346,9.200000000000001
SAMC072224,Sample_YCX347,9.566666666666668
SAMC072225,Sample_YCX348,9.299999999999999
SAMC072226,Sample_YCX349,9.233333333333333
SAMC072227,Sample_YCX350,9.533333333333333
SAMC072228,Sample_YCX351,9.233333333333334
SAMC072229,Sample_YCX352,9.0
SAMC072230,Sample_YCX353,9.333333333333334
SAMC072231,Sample_YCX354,9.6
SAMC072232,Sample_YCX355,9.066666666666666
SAMC072233,Sample_YCX356,9.266666666666666
SAMC072234,Sample_YCX357,8.966666666666667
SAMC072235,Sample_YCX358,9.299999999999999
SAMC072236,Sample_YCX359,9.133333333333333
SAMC072237,Sample_YCX360,9.200000000000001
SAMC072238,Sample_YCX361,9.866666666666665
SAMC072239,Sample_YCX362,9.100000000000001
SAMC072240,Sample_YCX363,8.600000000000001
SAMC072241,Sample_YCX364,9.333333333333334
SAMC072242,Sample_YCX365,10.033333333333333
SAMC072243,Sample_YCX366,7.766666666666667
SAMC072244,Sample_YCX367,8.299999999999999
SAMC072245,Sample_YCX368,8.799999999999999
SAMC072246,Sample_YCX369,7.433333333333333
SAMC072247,Sample_YCX370,9.133333333333333
SAMC072248,Sample_YCX371,8.9
SAMC072249,Sample_YCX372,7.866666666666667
SAMC072250,Sample_YCX373,7.733333333333333
SAMC072251,Sample_YCX374,9.266666666666667
SAMC072252,Sample_YCX375,9.1
SAMC072253,Sample_YCX376,9.5
SAMC072254,Sample_YCX377,9.666666666666666
SAMC072255,Sample_YCX378,9.166666666666666
SAMC072256,Sample_YCX379,8.633333333333333
SAMC072257,Sample_YCX380,8.566666666666665
SAMC072258,Sample_YCX381,10.0
SAMC072259,Sample_YCX382,10.733333333333334
SAMC072260,Sample_YCX383,9.500000000000002
SAMC072261,Sample_YCX384,8.700000000000001
SAMC072262,Sample_YCX385,9.533333333333333
SAMC072263,Sample_YCX386,10.033333333333333
SAMC072264,Sample_YCX387,9.4
SAMC072265,Sample_YCX388,9.5
SAMC072266,Sample_YCX389,9.55
SAMC072267,Sample_YCX390,9.499999999999998
SAMC072268,Sample_YCX391,9.5
SAMC072269,Sample_YCX392,9.466666666666667
SAMC072270,Sample_YCX393,9.633333333333333
