Run,Sample Name,Grain_width
SRR1239601,C001,2.9000000954
SRR1239602,C002,2.6300001144
SRR1239603,C003,3.3199999332
SRR1239604,C004,3.2200000286
SRR1239605,C005,3.0
SRR1239606,C006,2.4700000286
SRR1239607,C007,2.4700000286
SRR1239608,C008,2.8299999237
SRR1239609,C009,3.2000000477
SRR1239610,C010,2.6300001144
SRR1239611,C011,2.8199999332
SRR1239612,C012,3.6300001144
SRR1239613,C013,3.0199999809
SRR1239614,C014,3.4500000477
SRR1239615,C015,2.9800000191
SRR1239616,C016,3.4800000191
SRR1239617,C017,3.5199999809
SRR1239618,C018,3.7200000286
SRR1239619,C019,3.2699999809
SRR1239620,C020,3.5199999809
SRR1239621,C021,3.0699999332
SRR1239622,C022,2.7000000477
SRR1239623,C023,3.5799999237
SRR1239624,C024,3.3299999237
SRR1239625,C025,3.0799999237
SRR1239626,C026,3.6500000954
SRR1239627,C027,2.8499999046
SRR1239628,C028,3.5199999809
SRR1239629,C029,4.0199999809
SRR1239630,C030,2.9300000668
SRR1239631,C031,2.7799999714
SRR1239632,C032,3.7200000286
SRR1239633,C033,3.3699998856
SRR1239634,C034,3.4500000477
SRR1239635,C035,3.6500000954
SRR1239636,C036,3.1300001144
SRR1239637,C037,3.2300000191
SRR1239638,C038,2.8299999237
SRR1239639,C039,3.3299999237
SRR1239640,C040,3.0499999523
SRR1239641,C041,3.3199999332
SRR1239642,C042,3.4700000286
SRR1239643,C043,3.2000000477
SRR1239644,C044,3.1800000668
SRR1239645,C045,2.4700000286
SRR1239646,C046,2.5999999046
SRR1239647,C047,3.2799999714
SRR1239648,C048,3.7000000477
SRR1239649,C049,3.0499999523
SRR1239650,C050,2.7699999809
SRR1239651,C051,3.1500000954
SRR1239652,C052,3.6199998856
SRR1239653,C053,3.0199999809
SRR1239654,C054,3.5
SRR1239655,C055,3.1500000954
SRR1239656,C056,3.8800001144
SRR1239657,C057,3.7300000191
SRR1239658,C058,3.0999999046
SRR1239659,C059,3.2699999809
SRR1239660,C060,2.7200000286
SRR1239661,C061,2.8499999046
SRR1239662,C062,3.5699999332
SRR1239663,C063,3.5
SRR1239664,C064,3.5299999714
SRR1239665,C065,3.2200000286
SRR1239666,C066,3.2200000286
SRR1239667,C067,3.8499999046
SRR1239668,C068,2.7200000286
SRR1239669,C069,2.9000000954
SRR1239670,C070,3.7799999714
SRR1239671,C071,3.9000000954
SRR1239672,C072,3.2799999714
SRR1239673,C073,2.9000000954
SRR1239674,C074,3.5
SRR1239675,C075,3.7999999523
SRR1239676,C076,3.6500000954
SRR1239677,C077,3.1300001144
SRR1239678,C078,3.5499999523
SRR1239679,C079,3.5699999332
SRR1239680,C080,3.25
SRR1239681,C081,3.1199998856
SRR1239682,C082,3.9200000763
SRR1239683,C083,3.3499999046
SRR1239684,C084,4.3000001907
SRR1239685,C085,3.9800000191
SRR1239686,C086,2.8699998856
SRR1239687,C087,3.8800001144
SRR1239688,C088,3.6199998856
SRR1239689,C089,3.4200000763
SRR1239690,C090,3.5499999523
SRR1239691,C091,3.0199999809
SRR1239692,C092,3.0
SRR1239693,C093,3.6300001144
SRR1239694,C094,3.0999999046
SRR1239695,C095,3.2300000191
SRR1239696,C096,3.0799999237
SRR1239697,C097,3.0999999046
SRR1239698,C098,3.2699999809
SRR1239699,C099,3.2699999809
SRR1239700,C100,3.0299999714
SRR1239701,C101,3.75
SRR1239702,C102,3.0499999523
SRR1239703,C103,3.9200000763
SRR1239704,C104,3.1700000763
SRR1239705,C105,3.0299999714
SRR1239706,C106,3.4000000954
SRR1239707,C107,3.4700000286
SRR1239708,C108,3.5999999046
SRR1239709,C109,3.1199998856
SRR1239710,C110,3.2200000286
SRR1239711,C111,3.6700000763
SRR1239712,C112,2.7699999809
SRR1239713,C113,2.8299999237
SRR1239714,C114,2.8499999046
SRR1239715,C115,2.8699998856
SRR1239716,C116,3.4800000191
SRR1239717,C117,3.0799999237
SRR1239718,C118,2.6500000954
SRR1239719,C119,3.4800000191
SRR1239720,C120,3.7799999714
SRR1239721,C121,3.1800000668
SRR1239722,C122,3.2699999809
SRR1239723,C123,4.0300002098
SRR1239724,C124,3.2300000191
SRR1239725,C125,3.3699998856
SRR1239727,C127,3.1500000954
SRR1239728,C128,3.0299999714
SRR1239729,C129,3.3299999237
SRR1239730,C130,3.5299999714
SRR1239731,C131,3.0799999237
SRR1239732,C132,3.6800000668
SRR1239733,C133,3.6800000668
SRR1239734,C134,3.6199998856
SRR1239735,C135,3.2000000477
SRR1239736,C136,3.0699999332
SRR1239737,C137,3.5999999046
SRR1239738,C138,3.5499999523
SRR1239739,C139,3.2799999714
SRR1239740,C140,3.1199998856
SRR1239741,C141,3.2300000191
SRR1239742,C142,3.3499999046
SRR1239743,C143,3.2300000191
SRR1239744,C144,4.0799999237
SRR1239745,C145,3.3699998856
SRR1239746,C146,3.4200000763
SRR1239747,C147,2.9500000477
SRR1239748,C148,2.8699998856
SRR1239749,C149,3.3699998856
SRR1239750,C150,3.8800001144
SRR1239751,C151,3.0699999332
SRR1239752,C152,3.8699998856
SRR1239753,C153,3.9700000286
SRR1239754,C154,3.6500000954
SRR1239755,C155,3.0499999523
SRR1239756,C156,3.1300001144
SRR1239757,C157,2.6700000763
SRR1239758,C158,3.1199998856
SRR1239759,C159,3.2999999523
SRR1239760,C160,2.7699999809
SRR1239761,C161,3.3299999237
SRR1239762,C162,3.1300001144
SRR1239763,C163,2.8800001144
SRR1239764,C164,3.3699998856
SRR1239765,C165,3.1500000954
SRR1239766,C166,2.9500000477
SRR1239767,C167,3.3800001144
SRR1239768,C168,3.5
SRR1239769,C169,2.9200000763
SRR1239770,C170,3.1700000763
SRR1239771,C171,3.4200000763
SRR1239772,C172,3.5499999523
SRR1239773,C173,3.2200000286
SRR1239774,C174,2.9200000763
SRR1239775,C175,2.75
SRR1239776,C176,3.4500000477
SRR1239777,C177,3.2999999523
SRR1239778,C178,3.0299999714
SRR1239779,C179,3.8299999237
SRR1239780,C180,3.0999999046
SRR1239781,C181,3.7300000191
SRR1239782,C182,3.2999999523
SRR1239783,C183,2.9500000477
SRR1239784,C184,3.1800000668
SRR1239785,C185,3.8800001144
SRR1239786,C186,4.0700001717
SRR1239787,C187,3.5999999046
SRR1239788,C188,3.5199999809
SRR1239789,C189,3.7300000191
SRR1239790,C190,3.1199998856
SRR1239791,C191,3.2799999714
SRR1239792,C192,3.0499999523
SRR1239793,C193,3.1500000954
SRR1239794,C194,3.2000000477
SRR1239795,C195,3.6199998856
SRR1239796,C196,3.9500000477
SRR1239797,C197,3.1500000954
SRR1239798,C198,3.1300001144
SRR1239799,C199,3.0
SRR1239800,C200,3.2799999714
SRR1239801,C201,3.0799999237
SRR1239802,C202,3.1500000954
SRR1239803,C203,3.0299999714
SRR1239804,W001,3.6300001144
SRR1239805,W002,3.2400000095
SRR1239806,W003,3.5899999142
SRR1239807,W004,3.7100000381
SRR1239808,W005,2.9300000668
SRR1239809,W006,3.2300000191
SRR1239810,W007,2.8699998856
SRR1239811,W008,3.0399999619
SRR1239812,W009,2.8299999237
SRR1239813,W010,3.3800001144
SRR1239814,W011,3.4900000095
SRR1239815,W012,3.8199999332
SRR1239816,W013,3.8499999046
SRR1239817,W014,2.9000000954
SRR1239818,W015,3.5
SRR1239819,W016,3.5499999523
SRR1239820,W017,3.4700000286
SRR1239821,W018,3.3900001049
SRR1239822,W019,2.9900000095
SRR1239823,W020,3.1500000954
SRR1239824,W021,4.0900001526
SRR1239825,W022,3.5999999046
SRR1239826,W023,2.8199999332
SRR1239827,W024,2.8599998951
SRR1239828,W025,2.8800001144
SRR1239829,W026,3.2799999714
SRR1239830,W027,3.2899999619
SRR1239831,W028,2.7100000381
SRR1239832,W029,2.9600000381
SRR1239833,W030,2.8399999142
SRR1239834,W031,2.7899999619
SRR1239835,W032,2.7799999714
SRR1239836,W033,3.1800000668
SRR1239837,W034,2.7899999619
SRR1239838,W035,2.9700000286
SRR1239839,W036,3.0199999809
SRR1239840,W037,3.0599999428
SRR1239841,W038,3.3199999332
SRR1239842,W039,3.2400000095
SRR1239843,W040,2.7999999523
SRR1239844,W041,3.0499999523
SRR1239845,W042,3.1500000954
SRR1239846,W043,2.6800000668
SRR1239847,W044,3.0799999237
SRR1239848,W045,3.6600000858
SRR1239849,W046,3.0199999809
SRR1239850,W047,3.1099998951
SRR1239851,W048,3.2400000095
SRR1239852,W049,2.0899999142
SRR1239853,W050,3.4600000381
SRR1239854,W051,2.7200000286
SRR1239855,W052,3.4300000668
SRR1239856,W053,3.2000000477
SRR1239857,W054,2.9800000191
SRR1239858,W055,3.4000000954
SRR1239859,W056,3.4400000572
SRR1239860,W057,3.2799999714
SRR1239861,W058,3.2699999809
SRR1239862,W059,3.5099999905
SRR1239863,W060,3.4700000286
SRR1239864,W061,4.3800001144
SRR1239865,W062,3.1400001049
SRR1239866,W063,3.6400001049
SRR1239867,W064,3.4200000763
SRR1239868,W065,3.2400000095
SRR1239869,W066,2.7400000095
SRR1239870,W067,2.9900000095
SRR1239871,W068,3.5299999714
SRR1239872,W069,2.1900000572
SRR1239873,W070,2.7799999714
SRR1239874,W071,3.2899999619
SRR1239875,W072,2.6900000572
SRR1239876,W073,2.3399999142
SRR1239877,W074,3.2100000381
SRR1239878,W075,3.0499999523
SRR1239879,W076,3.3099999428
SRR1239880,W077,2.7300000191
SRR1239881,W078,3.0999999046
SRR1239882,W079,2.9200000763
SRR1239883,W080,3.1099998951
SRR1239884,W081,3.0299999714
SRR1239885,W082,3.7100000381
SRR1239886,W083,2.7699999809
SRR1239887,W084,3.0899999142
SRR1239888,W085,3.5
SRR1239889,W086,2.8099999428
SRR1239890,W087,2.8499999046
SRR1239891,W088,3.3800001144
SRR1239892,W089,2.5
SRR1239893,W090,3.0199999809
SRR1239894,W091,3.1199998856
SRR1239895,W092,3.1700000763
SRR1239896,W093,2.6700000763
SRR1239897,W094,3.5399999619
SRR1239898,W095,3.0599999428
SRR1239899,W096,3.5799999237
SRR1239900,W097,3.6300001144
SRR1239901,W098,2.9300000668
SRR1239902,W099,2.9000000954
SRR1239903,W100,2.9000000954
SRR1239904,W101,3.3399999142
SRR1239905,W102,3.4800000191
SRR1239906,W103,3.2400000095
SRR1239907,W104,3.0899999142
SRR1239908,W105,3.2000000477
SRR1239909,W106,3.0299999714
SRR1239910,W107,3.3399999142
SRR1239911,W108,2.75
SRR1239912,W109,3.5099999905
SRR1239913,W110,3.1300001144
SRR1239914,W111,2.9000000954
SRR1239915,W112,3.1199998856
SRR1239916,W113,2.9000000954
SRR1239917,W114,2.6700000763
SRR1239918,W115,3.1099998951
SRR1239919,W116,3.6700000763
SRR1239920,W117,3.7699999809
SRR1239921,W118,2.6900000572
SRR1239922,W119,2.6400001049
SRR1239923,W120,3.9000000954
SRR1239924,W121,3.1300001144
SRR1239925,W122,3.1199998856
SRR1239926,W123,3.3299999237
SRR1239927,W124,2.7999999523
SRR1239928,W125,3.0199999809
SRR1239929,W126,2.9600000381
SRR1239930,W127,3.1800000668
SRR1239931,W128,3.2300000191
SRR1239932,W129,2.5
SRR1239933,W130,3.6199998856
SRR1239934,W131,2.7899999619
SRR1239935,W132,3.0699999332
SRR1239936,W133,2.8199999332
SRR1239937,W134,2.5899999142
SRR1239938,W135,3.0099999905
SRR1239939,W136,2.5699999332
SRR1239940,W137,3.3099999428
SRR1239941,W138,2.7200000286
SRR1239942,W139,3.5999999046
SRR1239943,W140,3.0799999237
SRR1239944,W141,3.4500000477
SRR1239945,W142,3.1300001144
SRR1239946,W143,3.1500000954
SRR1239947,W144,2.9600000381
SRR1239948,W145,3.1300001144
SRR1239949,W146,3.2899999619
SRR1239950,W147,2.6600000858
SRR1239951,W148,3.4500000477
SRR1239952,W149,3.0299999714
SRR1239953,W150,2.8499999046
SRR1239954,W151,2.8199999332
SRR1239955,W152,2.6500000954
SRR1239956,W153,2.7300000191
SRR1239957,W154,2.8499999046
SRR1239958,W155,2.7999999523
SRR1239959,W156,3.1700000763
SRR1239960,W157,2.8499999046
SRR1239961,W158,2.9100000858
SRR1239962,W159,2.8800001144
SRR1239963,W160,3.6300001144
SRR1239964,W161,2.8699998856
SRR1239965,W162,3.4300000668
SRR1239966,W163,2.5599999428
SRR1239967,W164,2.6300001144
SRR1239968,W165,3.1900000572
SRR1239969,W166,3.0299999714
SRR1239970,W167,2.9100000858
SRR1239971,W168,2.9600000381
SRR1239972,W169,2.7400000095
SRR1239973,W170,2.8699998856
SRR1239974,W171,3.0299999714
SRR1239975,W172,2.5
SRR1239976,W173,2.5999999046
SRR1239977,W174,2.8499999046
SRR1239978,W175,2.7599999905
SRR1239979,W176,2.8599998951
SRR1239980,W177,2.8599998951
SRR1239981,W178,2.6099998951
SRR1239982,W179,2.4500000477
SRR1239983,W180,2.9800000191
SRR1239984,W181,2.7300000191
SRR1239985,W182,2.8699998856
SRR1239986,W183,2.6199998856
SRR1239987,W184,2.6500000954
SRR1239988,W185,2.6400001049
SRR1239989,W186,
SRR1239990,W187,
SRR1239991,W188,2.5099999905
SRR1239992,W189,2.7200000286
SRR1239994,W191,2.4300000668
SRR1239995,W192,2.8900001049
SRR1239996,W193,3.0199999809
SRR1239997,W194,2.5499999523
SRR1239998,W195,2.3699998856
SRR1240000,W197,2.5399999619
SRR1240001,W198,3.3099999428
SRR1240002,W199,2.9600000381
SRR1240003,W200,2.5799999237
SRR1240004,W201,2.5999999046
SRR1240005,W202,2.7200000286
SRR1240006,W203,2.8699998856
SRR1240007,W204,3.0199999809
SRR1240008,W205,3.0499999523
SRR1240009,W206,3.0499999523
SRR1240010,W207,3.5599999428
SRR1240011,W208,3.7100000381
SRR1240012,W209,3.5099999905
SRR1240013,W210,3.0
SRR1240014,W211,2.4700000286
SRR1240015,W212,3.25
SRR1240016,W213,2.5299999714
SRR1240017,W214,2.6099998951
SRR1240018,W215,2.7300000191
SRR1240019,W216,2.75
SRR1240020,W217,3.1500000954
SRR1240021,W218,3.0899999142
SRR1240022,W219,2.4600000381
SRR1240023,W220,2.3800001144
SRR1240024,W221,2.6700000763
SRR1240025,W222,2.7899999619
SRR1240026,W223,3.1700000763
SRR1240027,W224,2.5199999809
SRR1240028,W225,2.8199999332
SRR1240029,W226,3.2999999523
SRR1240030,W227,2.6800000668
SRR1240031,W228,2.7300000191
SRR1240032,W229,2.5699999332
SRR1240033,W230,2.7100000381
SRR1240034,W231,2.8299999237
SRR1240036,W233,2.9400000572
SRR1240037,W234,3.0199999809
SRR1240038,W235,3.0999999046
SRR1240039,W236,2.8099999428
SRR1240040,W237,2.4200000763
SRR1240041,W238,2.6500000954
SRR1240042,W239,2.6900000572
SRR1240043,W240,2.7799999714
SRR1240044,W241,3.0499999523
SRR1240045,W242,3.0099999905
SRR1240046,W243,2.75
SRR1240047,W244,2.9700000286
SRR1240048,W245,2.7000000477
SRR1240049,W246,2.8099999428
SRR1240050,W247,3.0899999142
SRR1240051,W248,3.1400001049
SRR1240052,W249,3.6400001049
SRR1240053,W250,3.7799999714
SRR1240054,W251,3.0799999237
SRR1240055,W252,2.4900000095
SRR1240056,W253,3.0799999237
SRR1240057,W254,3.1099998951
SRR1240058,W255,1.9600000381
SRR1240059,W256,2.75
SRR1240060,W257,3.4300000668
SRR1240061,W258,2.7599999905
SRR1240062,W259,2.8299999237
SRR1240063,W260,3.1600000858
SRR1240064,W261,3.4600000381
SRR1240065,W262,3.3299999237
SRR1240066,W263,2.9600000381
SRR1240067,W264,3.1300001144
SRR1240068,W265,2.9900000095
SRR1240069,W266,2.4900000095
SRR1240070,W267,2.6800000668
SRR1240071,W268,3.0299999714
SRR1240072,W269,2.9900000095
SRR1240073,W270,2.8399999142
SRR1240074,W271,2.9700000286
SRR1240075,W272,3.2200000286
SRR1240076,W273,2.6700000763
SRR1240077,W274,3.1800000668
SRR1240078,W275,3.1700000763
SRR1240079,W276,3.1199998856
SRR1240080,W277,3.3099999428
SRR1240081,W278,3.0599999428
SRR1240082,W279,3.2000000477
SRR1240083,W280,3.3099999428
SRR1240084,W281,3.7300000191
SRR1240085,W282,
SRR1240086,W283,3.7100000381
SRR1240087,W284,2.4600000381
SRR1240088,W285,2.9300000668
SRR1240089,W286,2.9400000572
SRR1240090,W287,3.0699999332
SRR1240091,W288,3.0499999523
SRR1240092,W289,2.7300000191
SRR1240093,W290,3.4200000763
SRR1240094,W291,
SRR1240095,W292,2.7599999905
SRR1240096,W293,3.1600000858
SRR1240097,W294,2.4000000954
SRR1240098,W295,2.7000000477
SRR1240099,W296,3.0
SRR1240100,W297,2.6700000763
SRR1240101,W298,2.5299999714
SRR1240102,W299,2.9500000477
SRR1240103,W300,2.3499999046
SRR1240104,W301,2.7400000095
SRR1240105,W302,3.1600000858
SRR1240106,W303,3.2300000191
SRR1240107,W304,2.6400001049
SRR1240108,W305,3.4200000763
SRR1240109,W306,2.3699998856
SRR1240110,W307,2.6700000763
SRR1240111,W308,2.6600000858
SRR1240112,W309,2.6400001049
SRR1240113,W310,2.5099999905
SRR1240114,W311,2.7200000286
SRR1240115,W312,2.6800000668
SRR1240116,W313,2.5599999428
SRR1240117,W314,2.4100000858
SRR1240118,W315,2.6800000668
SRR1240119,W316,2.5199999809
SRR1240120,W317,2.7599999905
SRR1240121,W318,2.8699998856
SRR1240122,W319,3.5799999237
SRR1240123,W320,3.1700000763
SRR1240124,W321,3.3099999428
SRR1240125,W322,2.6800000668
SRR1240126,W323,3.7599999905
SRR1240127,W324,3.7599999905
SRR1240128,W325,3.6099998951
SRR1240129,W326,3.8199999332
SRR1240130,W327,3.2699999809
SRR1240131,W328,3.7000000477
SRR1240132,W329,3.4400000572
SRR1240133,W330,3.0399999619
ERR478341,Z905,2.468
ERR478342,Z906,2.5335
ERR478343,Z907,2.5300000000000002
ERR478344,Z908,2.6100000000000003
ERR478345,Z909,2.4909999999999997
ERR478347,Z911,2.8705
ERR478348,Z912,2.7249999999999996
ERR478349,Z913,2.721
ERR478350,Z914,2.4655
ERR478351,Z915,2.52
ERR478352,Z916,2.5685000000000002
ERR478353,Z917,2.5294999999999996
ERR478354,Z918,2.529
ERR478355,Z919,2.4385000000000003
ERR478358,Z923,2.6875
ERR478484,Z1049,2.5185000000000004
ERR478485,Z1050,2.899
ERR478486,Z1051,2.485
ERR478487,Z1052,2.564
ERR478488,Z1053,2.436
ERR478489,Z1054,2.427
ERR478490,Z1055,2.7075
ERR478526,Z1091,2.979
ERR478527,Z1092,3.0365
ERR478529,Z1094,2.6765
ERR478530,Z1095,2.5469999999999997
ERR478531,Z1096,2.4240000000000004
ERR478536,Z1101,2.5755
ERR478599,Z1167,2.6580000000000004
ERR478600,Z1168,2.59
ERR478633,Z1201,2.4545000000000003
ERR478634,Z1202,2.6494999999999997
ERR478635,Z1203,2.6105
ERR478636,Z1204,2.475
ERR478637,Z1205,2.5195
ERR478638,Z1206,2.7805
ERR478639,Z1207,2.8155
ERR478640,Z1208,2.654
ERR478641,Z1209,2.727
ERR478642,Z1210,2.9989999999999997
ERR478643,Z1211,2.8795
ERR478644,Z1212,2.5404999999999998
ERR478645,Z1213,2.7085
ERR478646,Z1214,2.6654999999999998
ERR478647,Z1215,2.5965
ERR478648,Z1216,2.457
ERR478649,Z1217,2.5725
ERR478650,Z1218,2.509
ERR478651,Z1219,2.6525
ERR478652,Z1220,2.654
ERR478653,Z1221,2.5655
ERR478654,Z1222,2.472
ERR478655,Z1223,2.654
ERR478656,Z1224,2.642
ERR478657,Z1225,2.5185
ERR478658,Z1226,2.4865
ERR478659,Z1227,2.598
ERR478660,Z1228,3.1105
ERR478661,Z1229,3.2535
ERR478662,Z1230,2.8185000000000002
ERR478663,Z1231,3.035
ERR478664,Z1232,2.8945
ERR478665,Z1233,2.5505
ERR478666,Z1234,2.5825
ERR478667,Z1235,2.3274999999999997
ERR478668,Z1236,2.5285
ERR478669,Z1237,2.6304999999999996
ERR478670,Z1238,2.5949999999999998
ERR478671,Z1239,2.6215
ERR478672,Z1240,2.671
ERR478673,Z1241,2.8885
ERR478674,Z1242,2.5025
ERR478675,Z1243,2.4690000000000003
ERR478676,Z1244,2.5075000000000003
ERR478677,Z1245,2.606
ERR478678,Z1246,2.4595000000000002
ERR478679,Z1247,2.918
ERR478680,Z1248,2.5235
ERR478681,Z1249,2.6075
ERR478682,Z1250,2.3785
ERR478683,Z1251,3.0265
ERR478684,Z1252,2.5145
ERR478685,Z1253,2.6765
ERR478686,Z1254,2.9985
ERR478687,Z1255,2.5774999999999997
ERR478688,Z1256,2.5725
ERR478689,Z1257,2.808
ERR478690,Z1258,2.5915
ERR478691,Z1259,3.3025
ERR478692,Z1260,2.569
ERR478693,Z1261,2.888
ERR478694,Z1262,3.292
ERR478695,Z1263,3.0549999999999997
ERR478696,Z1264,2.912
ERR478697,Z1265,3.1595
ERR478698,Z1266,2.4165
ERR478699,Z1267,2.513
ERR478700,Z1268,2.3920000000000003
ERR478701,Z1269,2.534
ERR478702,Z1270,2.4965
ERR478703,Z1271,2.6725
ERR478704,Z1272,2.5755
ERR478705,Z1273,2.683
ERR478706,Z1274,2.5774999999999997
ERR478707,Z1275,2.396
ERR478708,Z1276,2.987
ERR478709,Z1277,2.907
ERR478710,Z1278,2.4935
ERR478711,Z1279,2.731
ERR478712,Z1280,2.7995
ERR478713,Z1281,2.771
ERR478714,Z1282,2.4885
ERR478715,Z1283,2.524
ERR478716,Z1284,2.753
ERR478717,Z1285,2.667
ERR478718,Z1286,2.676
ERR478719,Z1287,2.2965
ERR478720,Z1288,2.504
ERR478721,Z1289,2.722
ERR478722,Z1290,2.742
ERR478723,Z1291,2.7125
ERR478724,Z1292,2.695
ERR478725,Z1293,2.4635
ERR478726,Z1294,2.5205
ERR478727,Z1295,2.5765000000000002
ERR478728,Z1296,2.5535
ERR478729,Z1297,2.7889999999999997
ERR478730,Z1298,2.4165
ERR478731,Z1299,2.7125000000000004
ERR478732,Z1300,2.542
ERR478733,Z1301,2.8165
ERR478734,Z1302,2.8280000000000003
ERR478735,Z1303,2.4185
ERR478736,Z1304,3.144
ERR478737,Z1305,2.3505000000000003
ERR478738,Z1306,2.5335
ERR478739,Z1307,2.6870000000000003
ERR478740,Z1308,2.677
ERR478741,Z1309,3.0815
ERR478742,Z1310,2.5845000000000002
ERR478743,Z1311,2.6825
ERR478744,Z1312,2.4005
ERR478745,Z1313,2.629
ERR478746,Z1314,2.5415
ERR478747,Z1315,2.668
ERR478748,Z1316,2.968
ERR478749,Z1317,2.8200000000000003
ERR478750,Z1318,2.8600000000000003
ERR478751,Z1319,2.8345000000000002
ERR478752,Z1320,2.85
ERR478753,Z1321,2.7295
ERR478754,Z1322,2.8775
ERR478755,Z1323,2.707
ERR478756,Z1324,2.3455
ERR478757,Z1325,2.976
ERR478758,Z1326,2.903
ERR478759,Z1327,2.762
ERR478760,Z1328,2.827
ERR478761,Z1329,2.7855
ERR478762,Z1330,3.0324999999999998
ERR478763,Z1331,2.763
ERR478764,Z1332,2.993
ERR478765,Z1333,2.8040000000000003
ERR478766,Z1334,2.6285
ERR478767,Z1335,2.7455
ERR478768,Z1336,2.6295
ERR478769,Z1337,2.955
ERR478770,Z1338,2.615
ERR478771,Z1339,2.5045
ERR478772,Z1340,2.542
ERR478773,Z1341,2.5934999999999997
ERR478774,Z1342,2.684
ERR478775,Z1343,2.66
ERR478776,Z1344,2.4905
ERR478777,Z1345,2.596
ERR478778,Z1346,2.785
ERR478779,Z1347,2.872
ERR478780,Z1348,2.627
ERR478781,Z1349,2.7590000000000003
ERR478782,Z1350,2.6254999999999997
ERR478783,Z1351,2.7205
ERR478784,Z1352,2.6345
ERR478785,Z1353,2.5475000000000003
ERR478786,Z1354,2.617
ERR478787,Z1355,2.7805
ERR478788,Z1356,2.831
ERR478789,Z1357,2.7925
ERR478790,Z1358,2.6630000000000003
ERR478791,Z1359,2.7744999999999997
ERR478792,Z1360,2.6094999999999997
ERR478793,Z1361,2.8045
ERR478794,Z1362,2.786
ERR478795,Z1363,2.6795
ERR478796,Z1364,2.86
ERR478797,Z1365,2.729
ERR478798,Z1366,2.596
ERR478799,Z1367,2.932
ERR478800,Z1368,2.894
ERR478801,Z1369,2.4625000000000004
ERR478802,Z1370,2.6479999999999997
ERR478803,Z1371,2.7135
ERR478804,Z1372,2.5605
ERR478805,Z1373,2.6315
ERR478806,Z1374,2.643
ERR478807,Z1375,2.5235000000000003
ERR478808,Z1376,2.6075
ERR478809,Z1377,2.5145
ERR478810,Z1378,2.615
ERR478811,Z1379,2.4509999999999996
ERR478812,Z1380,2.543
ERR478813,Z1381,2.6865
ERR478814,Z1382,2.41
ERR478815,Z1383,2.6425
ERR478816,Z1384,2.675
ERR478817,Z1385,2.7175000000000002
ERR478818,Z1386,2.5570000000000004
ERR478819,Z1387,2.8390000000000004
ERR478820,Z1388,2.6545
ERR478821,Z1389,2.9655
ERR478822,Z1390,2.3964999999999996
ERR478823,Z1391,2.552
ERR478824,Z1392,2.504
ERR478825,Z1393,2.686
ERR478826,Z1394,2.5105
ERR478827,Z1395,2.5629999999999997
ERR478828,Z1396,2.684
ERR478829,Z1397,2.7155
ERR478830,Z1398,2.6029999999999998
ERR478831,Z1399,2.638
ERR478832,Z1400,2.738
ERR478833,Z1401,2.5125
ERR478834,Z1402,2.7619999999999996
ERR478835,Z1403,2.6795
ERR478836,Z1404,2.419
ERR478837,Z1405,2.3945
ERR478838,Z1406,2.572
ERR478839,Z1407,2.7235
ERR478840,Z1408,2.6025
ERR478841,Z1409,3.1464999999999996
ERR478842,Z1410,2.6245000000000003
ERR478843,Z1411,2.806
ERR478844,Z1412,2.761
ERR478845,Z1413,2.573
ERR478846,Z1414,2.5054999999999996
ERR478847,Z1415,2.673
ERR478848,Z1416,2.5599999999999996
ERR478849,Z1417,2.6225
ERR478850,Z1418,2.685
ERR478851,Z1419,2.534
ERR478852,Z1420,2.7104999999999997
ERR478853,Z1421,2.7430000000000003
ERR478854,Z1422,2.5235000000000003
ERR478855,Z1423,2.5715
ERR478856,Z1424,2.4355
ERR478857,Z1425,2.505
ERR478858,Z1426,2.496
ERR478859,Z1427,2.6025
ERR478860,Z1428,2.4725
ERR478861,Z1429,2.5655
ERR478862,Z1430,2.333
ERR478863,Z1431,2.6020000000000003
ERR478864,Z1432,2.5140000000000002
ERR478865,Z1433,2.658
ERR478866,Z1434,2.7030000000000003
ERR478867,Z1435,2.6464999999999996
ERR478868,Z1436,2.6055
ERR478869,Z1437,2.5415
ERR478870,Z1438,2.5309999999999997
ERR478871,Z1439,2.5860000000000003
ERR478872,Z1440,2.5525
ERR478873,Z1441,2.8055
ERR478874,Z1442,2.426
ERR478875,Z1443,2.5810000000000004
ERR478876,Z1444,2.8609999999999998
ERR478877,Z1445,2.5774999999999997
ERR478878,Z1446,2.492
ERR478879,Z1447,2.5375
ERR478880,Z1448,2.745
ERR478881,Z1449,2.7085
ERR478882,Z1450,2.9275
ERR478883,Z1451,2.4865000000000004
ERR478884,Z1452,2.634
ERR478885,Z1453,3.001
ERR478886,Z1454,2.6105
ERR478887,Z1455,2.6985
ERR478888,Z1456,2.5620000000000003
ERR478889,Z1457,2.6375
ERR478890,Z1458,2.688
ERR478891,Z1459,2.6020000000000003
ERR478892,Z1460,2.752
ERR478893,Z1461,2.446
ERR478894,Z1462,2.5324999999999998
ERR478895,Z1463,2.6715
ERR478896,Z1464,2.474
ERR478897,Z1465,2.4585
ERR478898,Z1466,2.7910000000000004
ERR478899,Z1467,2.5315
ERR478900,Z1468,2.4764999999999997
ERR478901,Z1469,2.502
ERR478902,Z1470,2.5549999999999997
ERR478903,Z1471,2.875
ERR478904,Z1472,2.4154999999999998
ERR478905,Z1473,2.686
ERR478906,Z1474,2.4589999999999996
ERR478907,Z1475,2.38
ERR478908,Z1476,2.468
ERR478909,Z1477,2.7655000000000003
ERR478910,Z1478,2.552
ERR478911,Z1479,2.349
ERR478912,Z1480,2.4405
ERR478913,Z1481,2.4130000000000003
ERR478914,Z1482,2.4085
ERR478915,Z1483,2.3235
ERR478916,Z1484,2.545
ERR478917,Z1485,2.5555
ERR478918,Z1486,2.8855
ERR478919,Z1487,2.4775
ERR478920,Z1488,2.5985
ERR478921,Z1489,2.5465
ERR478922,Z1490,2.3765
ERR478923,Z1491,2.574
ERR478924,Z1492,2.4685
ERR478925,Z1493,2.643
ERR478926,Z1494,2.5985
ERR478927,Z1495,2.4835000000000003
ERR478928,Z1496,2.5165
ERR478929,Z1497,2.585
ERR478930,Z1498,2.6695
ERR478931,Z1499,2.975
ERR478932,Z1500,2.674
ERR478933,Z1501,2.568
ERR478934,Z1502,2.5435
ERR478935,Z1503,2.5985
ERR478936,Z1504,2.479
ERR478569,Z1135,3.0545
ERR478570,Z1136,3.0235000000000003
ERR478571,Z1137,2.8855000000000004
ERR478572,Z1138,3.0810000000000004
ERR478573,Z1139,2.719
ERR478574,Z1140,2.8135000000000003
ERR478575,Z1141,2.862
ERR478576,Z1142,2.871
ERR478577,Z1143,2.7135
ERR478578,Z1144,2.8775
ERR478579,Z1145,2.9130000000000003
ERR478580,Z1147,2.5895
ERR478581,Z1148,2.46
ERR478582,Z1149,2.6319999999999997
ERR478583,Z1150,2.5315000000000003
ERR478584,Z1151,2.448
ERR478585,Z1152,2.859
ERR478586,Z1153,2.764
ERR478587,Z1154,3.1905
ERR478588,Z1155,2.5385
ERR478589,Z1156,2.6675
ERR478590,Z1157,2.3295
ERR478591,Z1159,2.4909999999999997
ERR478592,Z1160,2.6174999999999997
ERR478593,Z1161,2.4855
ERR478594,Z1162,2.657
ERR478595,Z1163,2.6635
ERR478596,Z1164,2.902
ERR478597,Z1165,2.553
ERR478598,Z1166,2.442
ERR478601,Z1169,2.541
ERR478602,Z1170,2.601
ERR478603,Z1171,2.79
ERR478604,Z1172,2.4764999999999997
ERR478605,Z1173,2.725
ERR478606,Z1174,2.434
ERR478607,Z1175,2.359
ERR478608,Z1176,2.8635
ERR478609,Z1177,2.4915000000000003
ERR478610,Z1178,2.442
ERR478611,Z1179,2.6820000000000004
ERR478612,Z1180,2.2605
ERR478613,Z1181,2.544
ERR478614,Z1182,2.496
ERR478615,Z1183,2.866
ERR478616,Z1184,2.3195
ERR478617,Z1185,2.346
ERR478618,Z1186,2.2960000000000003
ERR478619,Z1187,2.6935000000000002
ERR478620,Z1188,2.666
ERR478621,Z1189,2.4485
ERR478622,Z1190,2.4654999999999996
ERR478623,Z1191,2.5525
ERR478624,Z1192,2.6109999999999998
ERR478625,Z1193,2.7584999999999997
ERR478626,Z1194,3.0614999999999997
ERR478627,Z1195,2.7395
ERR478628,Z1196,2.6595
ERR478629,Z1197,2.7525
ERR478630,Z1198,2.8659999999999997
ERR478631,Z1199,2.524
ERR478632,Z1200,2.777
ERR478565,Z1130,2.944
ERR478566,Z1131,3.009
ERR478567,Z1132,2.6525
ERR478568,Z1133,2.7714999999999996
ERR477442,Z1,2.8435
ERR477443,Z2,2.7495000000000003
ERR477444,Z3,2.4775
ERR477445,Z4,2.418
ERR477446,Z5,2.5485
ERR477447,Z6,2.4530000000000003
ERR477448,Z7,2.8810000000000002
ERR477449,Z8,2.7285
ERR477450,Z9,2.801
ERR477451,Z10,2.5815
ERR477452,Z11,2.528
ERR477453,Z12,2.401
ERR477454,Z13,2.7415000000000003
ERR477455,Z14,2.5780000000000003
ERR477456,Z15,2.972
ERR477457,Z16,2.8810000000000002
ERR477458,Z17,2.6635
ERR477459,Z18,3.0490000000000004
ERR477460,Z19,2.6935000000000002
ERR477461,Z20,2.51
ERR477462,Z21,3.154
ERR477463,Z22,2.838
ERR477464,Z23,2.7915
ERR477465,Z24,2.7245
ERR477466,Z25,3.0454999999999997
ERR477467,Z26,3.0389999999999997
ERR477468,Z27,2.9835000000000003
ERR477469,Z28,2.7060000000000004
ERR477470,Z29,2.585
ERR477471,Z30,2.7975000000000003
ERR477472,Z31,2.731
ERR477473,Z32,2.3085
ERR477474,Z33,2.4945000000000004
ERR477475,Z34,2.735
ERR477476,Z35,2.6125
ERR477477,Z36,2.2945
ERR477478,Z37,2.261
ERR477479,Z38,2.2485
ERR477480,Z39,2.345
ERR477481,Z40,2.167
ERR477482,Z41,2.468
ERR477483,Z42,2.431
ERR477484,Z43,2.758
ERR477485,Z44,2.45
ERR477486,Z45,2.583
ERR477487,Z46,2.5854999999999997
ERR477488,Z47,2.395
ERR477489,Z48,2.6405000000000003
ERR477490,Z49,2.3209999999999997
ERR477491,Z50,2.4850000000000003
ERR477492,Z51,2.2835
ERR477493,Z52,2.7685
ERR477494,Z53,2.481
ERR477495,Z54,2.3905
ERR477496,Z55,2.713
ERR477497,Z56,2.536
ERR477498,Z57,2.576
ERR477499,Z58,2.5785
ERR477500,Z59,2.4975
ERR477501,Z60,2.5065
ERR477502,Z61,2.5475000000000003
ERR477503,Z62,2.4859999999999998
ERR477504,Z63,2.594
ERR477505,Z64,2.568
ERR477506,Z65,2.7145
ERR477507,Z66,2.6065
ERR477508,Z67,2.643
ERR477509,Z68,2.644
ERR477510,Z69,2.857
ERR477511,Z70,2.612
ERR477512,Z71,2.578
ERR477513,Z72,2.8225
ERR477514,Z73,2.8280000000000003
ERR477515,Z74,2.654
ERR477516,Z75,2.441
ERR477517,Z76,2.4535
ERR477518,Z77,2.6485000000000003
ERR477519,Z78,3.2085
ERR477520,Z79,2.6375
ERR477521,Z80,2.484
ERR477522,Z81,2.3680000000000003
ERR477523,Z82,2.5795
ERR477524,Z83,2.5435
ERR477525,Z84,2.2755
ERR477526,Z85,2.3804999999999996
ERR477527,Z86,2.5854999999999997
ERR477528,Z87,2.2824999999999998
ERR477529,Z88,2.446
ERR477530,Z89,2.584
ERR477531,Z90,2.831
ERR477532,Z91,2.489
ERR477533,Z92,2.3455
ERR477534,Z93,2.3064999999999998
ERR477535,Z94,2.2365
ERR477536,Z95,2.4625000000000004
ERR477537,Z96,2.603
ERR477538,Z97,2.4245
ERR477539,Z98,2.643
ERR477540,Z99,2.5534999999999997
ERR477541,Z100,2.4065
ERR477542,Z101,2.6180000000000003
ERR477543,Z102,2.3715
ERR477544,Z103,2.7705
ERR477545,Z104,2.6189999999999998
ERR477546,Z105,2.675
ERR477547,Z106,2.5789999999999997
ERR477548,Z107,2.5934999999999997
ERR477549,Z108,2.6105
ERR477550,Z109,3.0535
ERR477551,Z110,2.4985
ERR477552,Z111,2.5285
ERR477553,Z112,2.6390000000000002
ERR477554,Z113,2.8895
ERR477555,Z114,2.508
ERR477556,Z115,2.3834999999999997
ERR477557,Z116,2.7215
ERR477558,Z117,2.668
ERR477559,Z118,2.3435
ERR477560,Z119,2.8810000000000002
ERR477561,Z120,2.4130000000000003
ERR477562,Z121,2.3475
ERR477563,Z122,2.7190000000000003
ERR477564,Z123,3.0570000000000004
ERR477565,Z124,2.468
ERR477566,Z125,3.0995
ERR477567,Z126,2.753
ERR477568,Z127,2.9665
ERR477569,Z128,2.644
ERR477570,Z129,2.6254999999999997
ERR477571,Z130,2.502
ERR477572,Z131,2.5875000000000004
ERR477573,Z132,2.5540000000000003
ERR477574,Z133,2.9654999999999996
ERR477575,Z134,2.9204999999999997
ERR477576,Z135,2.7670000000000003
ERR477577,Z136,2.9885
ERR477578,Z137,2.9905
ERR477579,Z138,3.0915
ERR477580,Z139,2.838
ERR477581,Z140,2.893
ERR477582,Z141,2.9415
ERR477583,Z142,2.931
ERR477584,Z143,2.6395
ERR477585,Z144,3.0709999999999997
ERR477586,Z145,2.8499999999999996
ERR477587,Z146,2.4859999999999998
ERR477588,Z147,2.83
ERR477589,Z148,2.8354999999999997
ERR477590,Z149,2.686
ERR477591,Z150,2.791
ERR477592,Z151,2.6925
ERR477593,Z152,2.713
ERR477594,Z153,2.934
ERR477595,Z154,2.8445
ERR477596,Z155,2.7875
ERR477597,Z156,2.854
ERR477598,Z157,2.9415
ERR477599,Z158,2.649
ERR477600,Z159,2.4955
ERR477601,Z160,2.8274999999999997
ERR477602,Z161,2.8200000000000003
ERR477603,Z162,2.5620000000000003
ERR477604,Z163,2.6384999999999996
ERR477605,Z164,2.9349999999999996
ERR477606,Z165,3.05
ERR477607,Z166,2.9625
ERR477608,Z167,2.9204999999999997
ERR477609,Z168,3.003
ERR477610,Z169,3.0695
ERR477611,Z170,2.7055
ERR477612,Z171,2.6959999999999997
ERR477613,Z172,2.6205
ERR477614,Z173,2.724
ERR477615,Z174,2.6875
ERR477616,Z175,3.0425
ERR477617,Z176,3.0745
ERR477618,Z177,2.9335
ERR477619,Z178,2.864
ERR477620,Z179,2.873
ERR477621,Z180,2.8644999999999996
ERR477622,Z181,2.836
ERR477623,Z182,2.9135
ERR477624,Z183,2.729
ERR477625,Z184,2.7504999999999997
ERR477626,Z185,2.9545000000000003
ERR477627,Z186,2.6959999999999997
ERR477628,Z187,3.025
ERR477629,Z188,2.7835
ERR477630,Z189,2.8825000000000003
ERR477631,Z190,2.909
ERR477632,Z191,2.86
ERR477633,Z192,2.769
ERR477634,Z193,2.581
ERR477635,Z194,2.65
ERR477636,Z195,2.64
ERR477637,Z196,2.565
ERR477638,Z197,2.8975
ERR477639,Z198,3.0564999999999998
ERR477640,Z199,2.4935
ERR477641,Z200,2.7535
ERR477642,Z201,3.0205
ERR477643,Z202,2.7314999999999996
ERR477644,Z203,2.5705
ERR477645,Z204,2.4779999999999998
ERR477646,Z205,2.891
ERR477647,Z206,2.6769999999999996
ERR477648,Z207,2.9695
ERR477649,Z208,2.8565
ERR477650,Z209,2.786
ERR477651,Z210,2.4669999999999996
ERR477652,Z211,2.5515
ERR477653,Z212,2.503
ERR477654,Z213,2.9715
ERR477655,Z214,2.8205
ERR477656,Z215,2.589
ERR477657,Z216,2.936
ERR477658,Z217,2.3594999999999997
ERR477659,Z218,3.116
ERR477660,Z219,2.8895
ERR477661,Z220,2.8985
ERR477662,Z221,2.9524999999999997
ERR477663,Z222,2.9685
ERR477664,Z223,2.5755
ERR477665,Z224,2.912
ERR477666,Z225,2.6
ERR477667,Z226,2.719
ERR477668,Z227,2.7595
ERR477669,Z228,3.0
ERR477670,Z229,2.894
ERR477671,Z230,2.84
ERR477672,Z231,2.912
ERR477673,Z232,2.7305
ERR477674,Z233,2.854
ERR477675,Z234,2.754
ERR477676,Z235,2.6334999999999997
ERR477677,Z236,3.013
ERR477678,Z237,2.7705
ERR477679,Z238,2.56
ERR477680,Z239,3.0045
ERR477681,Z240,2.918
ERR477682,Z241,2.9435000000000002
ERR477683,Z242,3.145
ERR477684,Z243,2.8745000000000003
ERR477685,Z244,2.66
ERR477686,Z245,3.2465
ERR477687,Z246,2.6825
ERR477688,Z247,2.652
ERR477689,Z248,2.827
ERR477690,Z249,2.8
ERR477691,Z250,2.572
ERR477692,Z251,2.8834999999999997
ERR477693,Z252,2.808
ERR477694,Z253,2.4555
ERR477695,Z254,2.9895
ERR477696,Z255,3.001
ERR477697,Z256,3.02
ERR477698,Z257,2.7744999999999997
ERR477699,Z258,2.9735
ERR477700,Z259,2.692
ERR477701,Z260,2.7664999999999997
ERR477702,Z261,2.899
ERR477703,Z262,2.6180000000000003
ERR477704,Z263,3.1505
ERR477705,Z264,2.6630000000000003
ERR477706,Z265,3.2504999999999997
ERR477707,Z266,3.004
ERR477708,Z267,2.976
ERR477709,Z268,3.0515
ERR477710,Z269,2.623
ERR477711,Z270,2.629
ERR477712,Z271,2.614
ERR477713,Z272,2.9685
ERR477714,Z273,3.122
ERR477715,Z274,2.7855
ERR477716,Z275,3.138
ERR477717,Z276,2.8605
ERR477718,Z277,3.2015000000000002
ERR477719,Z278,3.0175
ERR477720,Z279,2.8745000000000003
ERR477721,Z280,2.9795
ERR477722,Z281,2.9059999999999997
ERR477723,Z282,2.941
ERR477724,Z283,2.7110000000000003
ERR477725,Z284,2.9585
ERR477726,Z285,2.8475
ERR477727,Z286,2.8545
ERR477728,Z287,2.8085
ERR477729,Z288,2.743
ERR477730,Z289,2.691
ERR477731,Z290,2.9495
ERR477732,Z291,2.9975
ERR477733,Z292,2.7264999999999997
ERR477734,Z293,2.7295
ERR477735,Z294,2.9165
ERR477736,Z295,2.6665
ERR477737,Z296,2.678
ERR477738,Z297,2.726
ERR477739,Z298,2.7325
ERR477740,Z299,2.9234999999999998
ERR477741,Z300,2.7655000000000003
ERR477742,Z301,2.729
ERR477743,Z302,2.6665
ERR477744,Z303,2.835
ERR477745,Z304,2.66
ERR477746,Z305,2.7245
ERR477747,Z306,2.6255
ERR477748,Z307,2.7305
ERR477749,Z308,2.7545
ERR477750,Z309,3.0919999999999996
ERR477751,Z310,2.8689999999999998
ERR477752,Z311,3.059
ERR477753,Z312,2.8085
ERR477754,Z313,2.8840000000000003
ERR477755,Z314,2.6695
ERR477756,Z315,3.0765000000000002
ERR477757,Z316,2.5999999999999996
ERR477758,Z317,3.1239999999999997
ERR477759,Z318,2.6535
ERR477760,Z319,2.7925
ERR477761,Z320,2.6855
ERR477762,Z321,2.824
ERR477763,Z322,2.6975
ERR477764,Z323,2.7569999999999997
ERR477765,Z324,2.7430000000000003
ERR477766,Z325,2.8805
ERR477767,Z326,2.841
ERR477768,Z327,2.931
ERR477769,Z328,2.618
ERR477770,Z329,2.6654999999999998
ERR477771,Z330,2.766
ERR477772,Z331,2.9125
ERR477773,Z332,2.5815
ERR477774,Z333,2.794
ERR477775,Z334,2.7489999999999997
ERR477776,Z335,2.798
ERR477777,Z336,2.8200000000000003
ERR477778,Z337,2.614
ERR477779,Z338,2.748
ERR477780,Z339,2.7560000000000002
ERR477781,Z340,2.774
ERR477782,Z341,2.708
ERR477783,Z342,2.9565
ERR477784,Z343,2.6205
ERR477785,Z344,2.644
ERR477786,Z345,2.9290000000000003
ERR477787,Z346,2.7185
ERR477788,Z347,2.699
ERR477789,Z348,2.811
ERR477790,Z349,2.9085
ERR477791,Z350,2.6925
ERR477792,Z351,2.8575
ERR477793,Z352,2.841
ERR477794,Z353,3.002
ERR477795,Z354,2.9005
ERR477796,Z355,2.9395
ERR477797,Z356,2.8280000000000003
ERR477798,Z357,2.6985
ERR477799,Z358,2.9345
ERR477800,Z359,2.851
ERR477801,Z360,2.7634999999999996
ERR477802,Z361,2.8765
ERR477803,Z362,2.7175000000000002
ERR477804,Z363,2.7074999999999996
ERR477805,Z364,2.9935
ERR477806,Z365,2.99
ERR477807,Z366,2.7005
ERR477808,Z367,2.484
ERR477809,Z368,2.9764999999999997
ERR477810,Z369,2.7015000000000002
ERR477811,Z370,2.7249999999999996
ERR477812,Z371,2.75
ERR477813,Z372,2.7235
ERR477814,Z373,2.765
ERR477815,Z374,2.409
ERR477816,Z375,2.3325
ERR477817,Z376,2.689
ERR477818,Z377,2.8594999999999997
ERR477819,Z378,2.902
ERR477820,Z379,2.946
ERR477821,Z380,2.7430000000000003
ERR477822,Z381,2.871
ERR477823,Z382,2.7945
ERR477824,Z383,2.4805
ERR477825,Z384,2.7060000000000004
ERR477826,Z385,2.93
ERR477827,Z386,2.81
ERR477828,Z387,2.7295
ERR477829,Z388,2.963
ERR477830,Z389,2.8715
ERR477831,Z390,3.203
ERR477832,Z391,2.598
ERR477833,Z392,2.884
ERR477834,Z393,2.5380000000000003
ERR477835,Z394,2.5665
ERR477836,Z395,2.966
ERR477837,Z396,2.5185
ERR477838,Z397,3.2880000000000003
ERR477839,Z398,2.4655
ERR477840,Z399,2.6165000000000003
ERR477841,Z400,2.6185
ERR477842,Z401,2.5084999999999997
ERR477843,Z402,2.5535
ERR477844,Z403,2.49
ERR477845,Z404,2.5774999999999997
ERR477846,Z405,2.693
ERR477847,Z406,2.5700000000000003
ERR477848,Z407,2.8120000000000003
ERR477849,Z408,2.6515
ERR477850,Z409,2.56
ERR477851,Z410,2.4845
ERR477852,Z411,2.73
ERR477853,Z412,2.791
ERR477854,Z413,2.638
ERR477855,Z414,2.3659999999999997
ERR477856,Z415,2.9635
ERR477857,Z416,2.565
ERR477858,Z417,2.717
ERR477859,Z418,2.3525
ERR477860,Z419,2.5410000000000004
ERR477861,Z420,2.4844999999999997
ERR477862,Z421,2.5715
ERR477863,Z422,2.8205
ERR477864,Z423,2.559
ERR477865,Z424,2.37
ERR477866,Z425,2.5940000000000003
ERR477867,Z426,2.3085
ERR477868,Z427,2.6875
ERR477869,Z428,2.529
ERR477870,Z429,2.4585
ERR477871,Z430,2.5275
ERR477872,Z431,2.527
ERR477873,Z432,2.5744999999999996
ERR477874,Z433,2.3385
ERR477875,Z434,2.526
ERR477876,Z435,2.809
ERR477877,Z436,2.5515
ERR477878,Z437,2.907
ERR477879,Z438,2.6130000000000004
ERR477880,Z439,2.481
ERR477881,Z440,2.7306
ERR477882,Z441,2.5435
ERR477883,Z442,2.548
ERR477884,Z443,2.5065
ERR477885,Z444,2.6275
ERR477886,Z445,2.874
ERR477887,Z446,2.472
ERR477888,Z447,2.452
ERR477889,Z448,2.4485
ERR477890,Z449,2.5115
ERR477891,Z450,2.5789999999999997
ERR477892,Z451,2.4875
ERR477893,Z452,2.7270000000000003
ERR477894,Z453,2.665
ERR477895,Z454,2.6245000000000003
ERR477896,Z455,2.4395
ERR477897,Z456,2.6710000000000003
ERR477898,Z457,
ERR477899,Z458,2.839
ERR477900,Z459,2.8315
ERR477901,Z460,2.5665
ERR477902,Z461,2.5404999999999998
ERR477903,Z462,2.552
ERR477904,Z463,2.5275
ERR477905,Z464,2.5125
ERR477906,Z465,2.9885
ERR477907,Z466,2.5665
ERR477908,Z467,2.5095
ERR477909,Z468,2.5825
ERR477910,Z469,2.55
ERR477911,Z470,2.6775
ERR477912,Z471,2.5345
ERR477913,Z472,2.4699999999999998
ERR477914,Z473,2.684
ERR477915,Z474,2.4459999999999997
ERR477916,Z475,2.5575
ERR477917,Z476,2.6319999999999997
ERR477918,Z477,2.633
ERR477919,Z478,2.504
ERR477920,Z479,2.6929999999999996
ERR477921,Z480,2.9625000000000004
ERR477922,Z481,2.5780000000000003
ERR477923,Z482,2.5095
ERR477924,Z483,2.4545
ERR477925,Z484,2.511
ERR477926,Z485,2.5555000000000003
ERR477927,Z486,2.691
ERR477928,Z487,2.66
ERR477929,Z488,2.4814999999999996
ERR477930,Z489,2.549
ERR477931,Z490,2.4154999999999998
ERR477932,Z491,2.543
ERR477933,Z492,2.678
ERR477934,Z493,2.482
ERR477935,Z494,2.3135
ERR477936,Z495,2.423
ERR477937,Z496,2.9269999999999996
ERR477938,Z497,2.527
ERR477939,Z498,2.7325
ERR477940,Z499,2.6805000000000003
ERR477941,Z500,2.666
ERR477942,Z501,2.6710000000000003
ERR477943,Z502,2.747
ERR477944,Z503,2.54
ERR477945,Z504,2.475
ERR477946,Z505,2.641
ERR477947,Z506,2.5149999999999997
ERR477948,Z507,2.46
ERR477949,Z508,2.561
ERR477950,Z509,2.6045
ERR477951,Z510,2.6500000000000004
ERR477952,Z511,2.5185
ERR477953,Z512,2.9379999999999997
ERR477954,Z513,2.995
ERR477955,Z514,2.708
ERR477956,Z515,2.614
ERR477957,Z516,2.7645
ERR477958,Z517,2.6985
ERR477959,Z518,2.7065
ERR477960,Z519,2.8395
ERR477961,Z520,2.6325000000000003
ERR477962,Z521,2.323
ERR477963,Z522,2.593
ERR477964,Z523,2.638
ERR477965,Z524,2.6595
ERR477966,Z525,2.7984999999999998
ERR477967,Z526,2.724
ERR477968,Z527,2.597
ERR477969,Z528,2.8055000000000003
ERR477970,Z529,2.8555
ERR477971,Z530,2.6189999999999998
ERR477972,Z531,2.9640000000000004
ERR477973,Z532,2.5805
ERR477974,Z533,2.5309999999999997
ERR477975,Z534,3.2975000000000003
ERR477976,Z535,2.6865
ERR477977,Z536,2.9755000000000003
ERR477978,Z537,2.944
ERR477979,Z538,2.7264999999999997
ERR477980,Z539,2.472
ERR477981,Z540,2.799
ERR477982,Z541,2.8375
ERR477983,Z542,2.6639999999999997
ERR477984,Z543,2.668
ERR477985,Z544,2.6340000000000003
ERR477986,Z545,2.378
ERR477987,Z546,3.242
ERR477988,Z547,3.063
ERR477989,Z548,2.6870000000000003
ERR477990,Z549,2.491
ERR477991,Z550,3.0004999999999997
ERR477992,Z551,2.526
ERR477993,Z552,2.6265
ERR477994,Z553,2.4835
ERR477995,Z554,2.6395
ERR477996,Z555,2.6710000000000003
ERR477997,Z556,2.7835
ERR477998,Z557,2.598
ERR477999,Z558,2.6685
ERR478000,Z559,2.8705
ERR478001,Z560,2.6075
ERR478002,Z561,2.8965
ERR478003,Z562,2.6045
ERR478004,Z563,2.654
ERR478005,Z564,2.6555
ERR478006,Z565,2.45
ERR478007,Z566,2.739
ERR478008,Z567,2.701
ERR478009,Z568,2.6075
ERR478010,Z569,2.723
ERR478011,Z570,2.463
ERR478012,Z571,2.792
ERR478013,Z572,2.6405000000000003
ERR478014,Z573,2.4905
ERR478015,Z574,2.581
ERR478016,Z575,2.551
ERR478017,Z576,2.7030000000000003
ERR478018,Z577,2.732
ERR478019,Z578,2.5965
ERR478020,Z579,2.6654999999999998
ERR478021,Z580,2.6180000000000003
ERR478022,Z581,2.5995
ERR478023,Z582,2.7195
ERR478024,Z583,2.989
ERR478025,Z584,2.8505000000000003
ERR478026,Z585,2.691
ERR478027,Z586,2.6555
ERR478028,Z587,2.607
ERR478029,Z588,2.417
ERR478030,Z589,2.6835
ERR478031,Z590,2.5025
ERR478032,Z591,2.748
ERR478033,Z592,2.6825
ERR478034,Z593,2.654
ERR478035,Z594,2.5
ERR478036,Z595,2.5785
ERR478037,Z596,2.535
ERR478038,Z597,2.498
ERR478039,Z598,2.402
ERR478040,Z599,2.4189999999999996
ERR478041,Z600,2.634
ERR478042,Z601,2.4445
ERR478043,Z602,2.548
ERR478044,Z603,2.4610000000000003
ERR478045,Z604,2.585
ERR478046,Z605,2.5915
ERR478047,Z606,2.4865
ERR478048,Z607,2.623
ERR478049,Z608,2.433
ERR478050,Z609,2.9305000000000003
ERR478051,Z610,2.9945000000000004
ERR478052,Z611,2.463
ERR478053,Z612,2.479
ERR478054,Z613,2.4895
ERR478055,Z614,2.6205
ERR478056,Z615,2.447
ERR478057,Z616,2.5435
ERR478058,Z617,2.7415
ERR478059,Z618,2.5505
ERR478060,Z619,2.746
ERR478061,Z620,2.7720000000000002
ERR478062,Z621,2.5469999999999997
ERR478063,Z622,2.6225
ERR478064,Z623,2.791
ERR478065,Z624,2.389
ERR478066,Z625,2.7105
ERR478067,Z626,2.517
ERR478068,Z627,2.632
ERR478069,Z628,2.6045
ERR478070,Z629,2.598
ERR478071,Z630,2.645
ERR478072,Z631,2.5775
ERR478073,Z632,2.492
ERR478074,Z633,2.732
ERR478075,Z634,2.5205
ERR478076,Z635,2.488
ERR478077,Z636,2.627
ERR478078,Z637,2.4859999999999998
ERR478079,Z638,2.5075
ERR478080,Z639,2.572
ERR478081,Z640,2.474
ERR478082,Z641,2.4815
ERR478083,Z642,2.499
ERR478084,Z643,2.4805
ERR478085,Z644,2.6245
ERR478086,Z645,2.4945
ERR478087,Z646,2.694
ERR478088,Z647,2.4875
ERR478089,Z648,2.5140000000000002
ERR478090,Z649,2.7235
ERR478091,Z650,3.0705
ERR478092,Z651,3.0155000000000003
ERR478093,Z652,2.5035
ERR478094,Z653,2.974
ERR478095,Z654,2.526
ERR478096,Z655,2.9405
ERR478097,Z656,2.8335
ERR478098,Z657,2.7030000000000003
ERR478099,Z658,2.55
ERR478100,Z659,2.778
ERR478101,Z660,2.584
ERR478102,Z661,2.548
ERR478103,Z662,2.6125
ERR478104,Z663,2.616
ERR478105,Z664,2.653
ERR478106,Z665,2.6685
ERR478107,Z666,2.4035
ERR478108,Z667,2.424
ERR478109,Z668,2.4699999999999998
ERR478110,Z669,2.4555
ERR478111,Z670,2.5975
ERR478112,Z671,2.5285
ERR478113,Z672,3.3595
ERR478114,Z673,3.1665
ERR478115,Z674,3.2805
ERR478116,Z675,2.889
ERR478117,Z676,2.795
ERR478118,Z677,2.5694999999999997
ERR478119,Z678,2.6195
ERR478120,Z679,2.62
ERR478121,Z680,2.6585
ERR478122,Z681,2.5285
ERR478123,Z682,2.5164999999999997
ERR478124,Z683,2.4795
ERR478125,Z685,2.8735
ERR478126,Z686,2.9485
ERR478127,Z687,2.854
ERR478128,Z688,2.511
ERR478129,Z689,2.7135
ERR478130,Z690,2.6645000000000003
ERR478131,Z691,2.9105
ERR478132,Z692,3.2495000000000003
ERR478133,Z693,3.165
ERR478134,Z694,3.171
ERR478135,Z695,3.117
ERR478136,Z696,3.032
ERR478137,Z697,3.1470000000000002
ERR478138,Z698,2.8985
ERR478139,Z699,2.9055
ERR478140,Z700,2.602
ERR478141,Z701,2.655
ERR478142,Z702,2.801
ERR478143,Z704,2.7535
ERR478144,Z705,2.6755
ERR478145,Z706,2.9145
ERR478146,Z707,3.1985
ERR478147,Z708,2.7035
ERR478148,Z709,2.9555
ERR478149,Z710,2.862
ERR478150,Z711,2.95
ERR478151,Z712,3.1065
ERR478152,Z713,3.1795
ERR478153,Z714,3.1745
ERR478154,Z715,3.1005000000000003
ERR478155,Z716,3.078
ERR478156,Z717,2.939
ERR478157,Z718,3.1875
ERR478158,Z719,2.8280000000000003
ERR478159,Z720,2.8335
ERR478160,Z721,3.121
ERR478161,Z722,2.916
ERR478162,Z723,3.348
ERR478163,Z724,3.037
ERR478164,Z725,2.4909999999999997
ERR478165,Z726,2.633
ERR478166,Z727,2.5605
ERR478167,Z728,2.5199999999999996
ERR478168,Z729,2.5925
ERR478169,Z730,2.85
ERR478170,Z731,2.6155
ERR478171,Z732,2.612
ERR478172,Z733,2.6915
ERR478173,Z734,2.8555
ERR478174,Z735,2.5309999999999997
ERR478175,Z736,2.5025
ERR478176,Z737,2.4745
ERR478177,Z738,2.6465
ERR478178,Z739,2.591
ERR478179,Z740,2.9
ERR478180,Z741,2.5455
ERR478181,Z742,2.588
ERR478182,Z743,2.7110000000000003
ERR478183,Z744,2.629
ERR478184,Z745,2.607
ERR478185,Z746,2.6565
ERR478186,Z747,2.7714999999999996
ERR478187,Z748,2.8609999999999998
ERR478188,Z749,2.625
ERR478189,Z750,2.9615
ERR478190,Z751,2.6455
ERR478191,Z753,2.973
ERR478192,Z754,2.928
ERR478193,Z755,2.595
ERR478194,Z756,2.8200000000000003
ERR478195,Z757,2.9050000000000002
ERR478196,Z758,2.5235
ERR478197,Z759,2.7795
ERR478198,Z760,2.739
ERR478199,Z761,2.5685000000000002
ERR478200,Z762,2.4585
ERR478201,Z763,3.1825
ERR478202,Z764,2.9205
ERR478203,Z765,2.6795
ERR478204,Z766,2.6405000000000003
ERR478205,Z767,2.4779999999999998
ERR478206,Z768,2.575
ERR478207,Z769,2.607
ERR478208,Z770,2.5774999999999997
ERR478209,Z771,2.6014999999999997
ERR478210,Z772,2.633
ERR478211,Z773,2.649
ERR478212,Z774,2.729
ERR478213,Z775,2.5475000000000003
ERR478214,Z776,2.628
ERR478215,Z777,2.8339999999999996
ERR478216,Z778,2.5725
ERR478217,Z779,2.7675
ERR478218,Z780,2.706
ERR478219,Z781,3.007
ERR478220,Z782,2.585
ERR478221,Z783,2.7195
ERR478222,Z784,3.0380000000000003
ERR478223,Z785,2.9450000000000003
ERR478224,Z786,2.907
ERR478225,Z787,2.73
ERR478226,Z788,3.1734999999999998
ERR478227,Z789,3.2555
ERR478228,Z790,2.9195
ERR478229,Z791,2.6695
ERR478230,Z792,3.1390000000000002
ERR478231,Z793,3.2485
ERR478232,Z794,2.8419999999999996
ERR478233,Z795,3.008
ERR478234,Z796,2.7865
ERR478235,Z797,2.9314999999999998
ERR478236,Z798,2.705
ERR478237,Z799,2.799
ERR478238,Z800,2.9029999999999996
ERR478239,Z802,2.8905000000000003
ERR478240,Z803,2.77
ERR478241,Z804,2.8765
ERR478242,Z805,2.9855
ERR478243,Z806,3.007
ERR478244,Z807,2.6205
ERR478245,Z808,2.7744999999999997
ERR478246,Z809,2.6310000000000002
ERR478247,Z810,2.833
ERR478248,Z811,2.6630000000000003
ERR478249,Z812,2.7889999999999997
ERR478250,Z813,2.8745000000000003
ERR478251,Z814,2.575
ERR478252,Z815,2.6115
ERR478253,Z816,3.183
ERR478254,Z817,2.7795
ERR478255,Z818,3.12
ERR478256,Z819,2.7874999999999996
ERR478257,Z820,2.9595000000000002
ERR478258,Z821,3.168
ERR478259,Z822,2.8194999999999997
ERR478260,Z823,2.7775
ERR478261,Z824,2.698
ERR478262,Z825,2.96
ERR478263,Z826,3.178
ERR478264,Z827,2.4785
ERR478265,Z828,2.41
ERR478266,Z829,2.516
ERR478267,Z830,2.9355
ERR478268,Z831,2.5865
ERR478269,Z832,2.9459999999999997
ERR478270,Z833,2.8205
ERR478271,Z834,2.699
ERR478272,Z835,2.632
ERR478273,Z836,2.7880000000000003
ERR478274,Z837,2.4575
ERR478275,Z838,2.748
ERR478276,Z839,2.66
ERR478277,Z840,2.7145
ERR478278,Z841,2.6955
ERR478279,Z842,2.9525
ERR478280,Z843,2.489
ERR478281,Z844,2.6955
ERR478282,Z845,2.9995000000000003
ERR478283,Z846,2.7385
ERR478284,Z847,2.568
ERR478285,Z848,2.533
ERR478286,Z849,2.9859999999999998
ERR478287,Z850,2.904
ERR478288,Z851,2.9859999999999998
ERR478289,Z852,2.8760000000000003
ERR478290,Z853,2.8345000000000002
ERR478291,Z854,2.851
ERR478292,Z855,2.9835000000000003
ERR478293,Z856,2.975
ERR478294,Z857,2.9255
ERR478295,Z858,2.6985
ERR478296,Z859,2.7355
ERR478297,Z860,2.9785
ERR478298,Z861,2.8230000000000004
ERR478299,Z862,2.739
ERR478300,Z863,2.8055000000000003
ERR478301,Z864,2.8625
ERR478302,Z865,2.7
ERR478303,Z866,2.7945
ERR478304,Z867,2.7135
ERR478305,Z868,2.6875
ERR478306,Z869,2.8085
ERR478307,Z870,2.7785
ERR478308,Z871,2.604
ERR478309,Z872,2.7935
ERR478310,Z873,2.5145
ERR478311,Z874,2.7439999999999998
ERR478312,Z875,2.807
ERR478313,Z876,2.7675
ERR478314,Z877,2.6790000000000003
ERR478315,Z878,2.943
ERR478316,Z879,3.012
ERR478317,Z880,2.723
ERR478318,Z881,2.6029999999999998
ERR478319,Z882,2.9505
ERR478320,Z883,2.718
ERR478321,Z884,2.7675
ERR478322,Z885,2.6345
ERR478323,Z886,2.7495000000000003
ERR478324,Z887,3.1254999999999997
ERR478325,Z889,3.138
ERR478326,Z890,2.5355
ERR478327,Z891,2.718
ERR478328,Z892,2.4655
ERR478329,Z893,2.3725
ERR478330,Z894,2.5665
ERR478331,Z895,2.633
ERR478332,Z896,2.574
ERR478333,Z897,2.5795
ERR478334,Z898,2.649
ERR478335,Z899,2.575
ERR478336,Z900,2.5250000000000004
ERR478337,Z901,2.553
ERR478338,Z902,2.582
ERR478339,Z903,2.6479999999999997
ERR478340,Z904,2.613
ERR478346,Z910,2.4645
ERR478356,Z920,2.551
ERR478357,Z921,2.4219999999999997
ERR478359,Z924,2.5555
ERR478360,Z925,2.6535
ERR478361,Z926,2.5125
ERR478362,Z927,2.4505
ERR478363,Z928,2.4284999999999997
ERR478364,Z929,2.654
ERR478365,Z930,2.527
ERR478366,Z931,2.755
ERR478367,Z932,2.505
ERR478368,Z933,2.6965
ERR478369,Z934,2.5195
ERR478370,Z935,2.544
ERR478371,Z936,2.451
ERR478372,Z937,2.4435000000000002
ERR478373,Z938,2.5780000000000003
ERR478374,Z939,2.4845
ERR478375,Z940,2.4655
ERR478376,Z941,2.4895
ERR478377,Z942,2.6185
ERR478378,Z943,2.519
ERR478379,Z944,2.5869999999999997
ERR478380,Z945,2.6395
ERR478381,Z946,2.498
ERR478382,Z947,2.792
ERR478383,Z948,2.5155000000000003
ERR478384,Z949,2.7560000000000002
ERR478385,Z950,2.6740000000000004
ERR478386,Z951,2.5700000000000003
ERR478387,Z952,2.559
ERR478388,Z953,2.724
ERR478389,Z954,2.5765000000000002
ERR478390,Z955,2.7075
ERR478391,Z956,2.79
ERR478392,Z957,2.6020000000000003
ERR478393,Z958,2.4875
ERR478394,Z959,2.5515
ERR478395,Z960,2.5385
ERR478396,Z961,2.4475
ERR478397,Z962,2.553
ERR478398,Z963,2.636
ERR478399,Z964,2.51
ERR478400,Z965,2.5155000000000003
ERR478401,Z966,2.641
ERR478402,Z967,2.5685000000000002
ERR478403,Z968,2.5355
ERR478404,Z969,2.4805
ERR478405,Z970,2.484
ERR478406,Z971,2.5375
ERR478407,Z972,2.495
ERR478408,Z973,2.503
ERR478409,Z974,2.471
ERR478410,Z975,2.6285
ERR478411,Z976,2.4675000000000002
ERR478412,Z977,2.5855
ERR478413,Z978,2.6765
ERR478414,Z979,2.4555
ERR478415,Z980,2.4735
ERR478416,Z981,2.52
ERR478417,Z982,2.4695
ERR478418,Z983,2.537
ERR478419,Z984,2.623
ERR478420,Z985,2.6014999999999997
ERR478421,Z986,2.659
ERR478422,Z987,2.491
ERR478423,Z988,2.4690000000000003
ERR478424,Z989,2.705
ERR478425,Z990,2.8
ERR478426,Z991,2.8550000000000004
ERR478427,Z992,3.0915
ERR478428,Z993,2.8404999999999996
ERR478429,Z994,2.6865
ERR478430,Z995,2.9295
ERR478431,Z996,2.974
ERR478432,Z997,2.4545000000000003
ERR478433,Z998,3.0425
ERR478434,Z999,2.543
ERR478435,Z1000,2.6414999999999997
ERR478436,Z1001,2.8505000000000003
ERR478437,Z1002,2.6665
ERR478438,Z1003,2.6535
ERR478439,Z1004,2.4495
ERR478440,Z1005,2.8055000000000003
ERR478441,Z1006,2.9085
ERR478442,Z1007,2.503
ERR478443,Z1008,3.064
ERR478444,Z1009,2.959
ERR478445,Z1010,2.7435
ERR478446,Z1011,2.7039999999999997
ERR478447,Z1012,2.6135
ERR478448,Z1013,2.625
ERR478449,Z1014,2.873
ERR478450,Z1015,2.7375
ERR478451,Z1016,2.931
ERR478452,Z1017,2.722
ERR478453,Z1018,2.436
ERR478454,Z1019,2.4575
ERR478455,Z1020,2.5295
ERR478456,Z1021,2.5835
ERR478457,Z1022,2.4635
ERR478458,Z1023,2.6005000000000003
ERR478459,Z1024,2.5220000000000002
ERR478460,Z1025,2.502
ERR478461,Z1026,2.924
ERR478462,Z1027,2.957
ERR478463,Z1028,2.5705
ERR478464,Z1029,2.262
ERR478465,Z1030,2.4355
ERR478466,Z1031,2.582
ERR478467,Z1032,2.8785
ERR478468,Z1033,2.726
ERR478469,Z1034,2.807
ERR478470,Z1035,2.519
ERR478471,Z1036,2.6595
ERR478472,Z1037,2.372
ERR478473,Z1038,2.707
ERR478474,Z1039,2.8545
ERR478475,Z1040,2.6895
ERR478476,Z1041,2.3485
ERR478477,Z1042,2.3114999999999997
ERR478478,Z1043,2.5300000000000002
ERR478479,Z1044,2.5945
ERR478480,Z1045,2.4395
ERR478481,Z1046,2.471
ERR478482,Z1047,2.4625000000000004
ERR478483,Z1048,2.543
ERR478491,Z1056,2.5395
ERR478492,Z1057,2.8064999999999998
ERR478493,Z1058,2.5025
ERR478494,Z1059,2.432
ERR478495,Z1060,2.4825
ERR478496,Z1061,2.5355
ERR478497,Z1062,2.8435
ERR478498,Z1063,2.942
ERR478499,Z1064,2.551
ERR478500,Z1065,2.6189999999999998
ERR478501,Z1066,2.519
ERR478502,Z1067,2.365
ERR478503,Z1068,2.8365
ERR478504,Z1069,2.739
ERR478505,Z1070,2.6075
ERR478506,Z1071,2.5235
ERR478507,Z1072,2.871
ERR478508,Z1073,2.827
ERR478509,Z1074,2.5700000000000003
ERR478510,Z1075,2.4690000000000003
ERR478511,Z1076,2.51
ERR478512,Z1077,2.482
ERR478513,Z1078,2.5805
ERR478514,Z1079,2.8385
ERR478515,Z1080,2.854
ERR478516,Z1081,2.759
ERR478517,Z1082,2.7824999999999998
ERR478518,Z1083,2.694
ERR478519,Z1084,2.59
ERR478520,Z1085,2.6395
ERR478521,Z1086,2.833
ERR478522,Z1087,2.621
ERR478523,Z1088,2.7880000000000003
ERR478524,Z1089,3.0404999999999998
ERR478525,Z1090,3.134
ERR478528,Z1093,3.0555
ERR478532,Z1097,3.064
ERR478533,Z1098,2.755
ERR478534,Z1099,2.7824999999999998
ERR478535,Z1100,2.65
ERR478537,Z1102,2.5084999999999997
ERR478538,Z1103,2.683
ERR478539,Z1104,2.54
ERR478540,Z1105,2.543
ERR478541,Z1106,2.556
ERR478542,Z1107,2.613
ERR478543,Z1108,2.5575
ERR478544,Z1109,2.568
ERR478545,Z1110,2.651
ERR478546,Z1111,3.2720000000000002
ERR478547,Z1112,2.661
ERR478548,Z1113,2.6334999999999997
ERR478549,Z1114,2.575
ERR478550,Z1115,2.7355
ERR478551,Z1116,2.587
ERR478552,Z1117,2.6085000000000003
ERR478553,Z1118,2.682
ERR478554,Z1119,2.3529999999999998
ERR478555,Z1120,2.623
ERR478556,Z1121,2.5780000000000003
ERR478557,Z1122,2.4325
ERR478558,Z1123,2.5745
ERR478559,Z1124,2.658
ERR478560,Z1125,2.639
ERR478561,Z1126,2.6189999999999998
ERR478562,Z1127,2.5164999999999997
ERR478563,Z1128,2.769
ERR478564,Z1129,2.6505
SAMC008074,Sample_1701,3.3000000000000007
SAMC008075,Sample_1710,3.22
SAMC008076,Sample_1813,3.1
SAMC008077,Sample_1791,3.6
SAMC008078,Sample_1792,3.06
SAMC008079,Sample_1793,3.5
SAMC008080,Sample_1794,3.55
SAMC008081,Sample_1795,3.5
SAMC008082,Sample_1796,3.425
SAMC008083,Sample_1797,3.4200000000000004
SAMC008084,Sample_1798,3.12
SAMC008085,Sample_1800,3.3800000000000003
SAMC008086,Sample_1711,3.4199999999999995
SAMC008087,Sample_1712,3.1
SAMC008088,Sample_1713,3.28
SAMC008089,Sample_1714,3.2
SAMC008090,Sample_1715,3.3600000000000003
SAMC008091,Sample_1716,3.3
SAMC008092,Sample_1717,3.2
SAMC008093,Sample_1718,3.2
SAMC008094,Sample_1719,3.2
SAMC008095,Sample_1702,3.16
SAMC008096,Sample_1720,3.1
SAMC008097,Sample_1721,3.34
SAMC008098,Sample_1722,3.3400000000000007
SAMC008099,Sample_1723,3.2399999999999998
SAMC008100,Sample_1724,3.34
SAMC008101,Sample_1725,3.2600000000000002
SAMC008102,Sample_1726,3.3
SAMC008103,Sample_1727,3.2599999999999993
SAMC008104,Sample_1728,3.1
SAMC008105,Sample_1729,3.44
SAMC008106,Sample_1703,3.3
SAMC008107,Sample_1730,2.7
SAMC008108,Sample_1731,3.1
SAMC008109,Sample_1732,3.2
SAMC008110,Sample_1733,3.1399999999999997
SAMC008111,Sample_1734,3.2
SAMC008112,Sample_1735,3.3
SAMC008113,Sample_1736,3.1
SAMC008114,Sample_1737,3.2600000000000002
SAMC008115,Sample_1738,3.12
SAMC008116,Sample_1739,3.2
SAMC008117,Sample_1704,3.2600000000000002
SAMC008118,Sample_1740,3.1
SAMC008119,Sample_1741,3.46
SAMC008120,Sample_1742,3.3
SAMC008121,Sample_1743,3.4
SAMC008122,Sample_1744,3.28
SAMC008123,Sample_1745,3.2
SAMC008124,Sample_1746,3.3
SAMC008125,Sample_1747,3.34
SAMC008126,Sample_1748,3.1199999999999997
SAMC008127,Sample_1749,3.3749999999999996
SAMC008128,Sample_1705,3.1399999999999997
SAMC008129,Sample_1750,3.4400000000000004
SAMC008130,Sample_1751,3.1799999999999997
SAMC008131,Sample_1752,3.28
SAMC008132,Sample_1753,3.2800000000000002
SAMC008133,Sample_1754,3.12
SAMC008134,Sample_1755,3.1
SAMC008135,Sample_1756,3.16
SAMC008136,Sample_1757,3.2
SAMC008137,Sample_1758,3.12
SAMC008138,Sample_1759,3.2
SAMC008139,Sample_1706,3.16
SAMC008140,Sample_1760,2.98
SAMC008141,Sample_1761,3.0
SAMC008142,Sample_1762,3.25
SAMC008143,Sample_1763,3.2
SAMC008144,Sample_1764,3.28
SAMC008145,Sample_1765,3.3200000000000003
SAMC008146,Sample_1766,3.0799999999999996
SAMC008147,Sample_1767,3.4250000000000003
SAMC008148,Sample_1768,3.1
SAMC008149,Sample_1769,3.1399999999999997
SAMC008150,Sample_1707,3.16
SAMC008151,Sample_1770,3.22
SAMC008152,Sample_1771,3.4
SAMC008153,Sample_1772,3.45
SAMC008154,Sample_1773,3.3000000000000003
SAMC008155,Sample_1774,3.28
SAMC008156,Sample_1775,3.38
SAMC008157,Sample_1776,3.2
SAMC008158,Sample_1777,3.28
SAMC008159,Sample_1778,3.56
SAMC008160,Sample_1779,3.3200000000000003
SAMC008161,Sample_1708,3.125
SAMC008162,Sample_1780,3.0
SAMC008163,Sample_1781,3.0
SAMC008164,Sample_1783,3.35
SAMC008165,Sample_1784,3.5
SAMC008166,Sample_1787,3.3
SAMC008167,Sample_1788,3.3
SAMC008168,Sample_1789,3.3600000000000003
SAMC008169,Sample_1790,3.3
SAMC008170,Sample_wyj30,3.2399999999999998
SAMC008171,Sample_YD12,3.0
SAMC008172,Sample_1709,3.4
SAMC008173,Sample_EZ5,3.16
SAMC008174,Sample_1802,3.18
SAMC008175,Sample_1804,3.38
SAMC008176,Sample_1805,3.1800000000000006
SAMC008177,Sample_1806,3.15
SAMC008178,Sample_1808,3.3200000000000003
SAMC008179,Sample_1809,3.1
SAMC008180,Sample_1810,3.2
SAMC008181,Sample_1811,3.2599999999999993
SAMC008182,Sample_1812,3.2
SAMC008183,Sample_yangzhou_199_1,3.1399999999999997
SAMC008184,Sample_yangzhou_199_10,3.0599999999999996
SAMC008185,Sample_yangzhou_199_100,3.2399999999999998
SAMC008186,Sample_yangzhou_199_101,3.3
SAMC008187,Sample_yangzhou_199_102,3.2800000000000002
SAMC008188,Sample_yangzhou_199_103,3.2
SAMC008189,Sample_yangzhou_199_104,3.44
SAMC008190,Sample_yangzhou_199_105,3.3
SAMC008191,Sample_yangzhou_199_106,3.2
SAMC008192,Sample_yangzhou_199_107,3.2399999999999998
SAMC008193,Sample_yangzhou_199_108,3.38
SAMC008194,Sample_yangzhou_199_109,3.3200000000000003
SAMC008195,Sample_yangzhou_199_11,3.2800000000000002
SAMC008196,Sample_yangzhou_199_110,3.16
SAMC008197,Sample_yangzhou_199_111,3.18
SAMC008198,Sample_yangzhou_199_112,3.04
SAMC008199,Sample_yangzhou_199_113,3.3
SAMC008200,Sample_yangzhou_199_114,3.1399999999999997
SAMC008201,Sample_yangzhou_199_115,3.28
SAMC008202,Sample_yangzhou_199_116,3.2
SAMC008203,Sample_yangzhou_199_117,3.0799999999999996
SAMC008204,Sample_yangzhou_199_118,3.16
SAMC008205,Sample_yangzhou_199_119,3.2400000000000007
SAMC008206,Sample_yangzhou_199_12,3.1800000000000006
SAMC008207,Sample_yangzhou_199_120,3.18
SAMC008208,Sample_yangzhou_199_121,3.075
SAMC008209,Sample_yangzhou_199_122,3.425
SAMC008210,Sample_yangzhou_199_123,3.16
SAMC008211,Sample_yangzhou_199_124,3.2
SAMC008212,Sample_yangzhou_199_125,3.2199999999999998
SAMC008213,Sample_yangzhou_199_126,3.3
SAMC008214,Sample_yangzhou_199_127,3.1
SAMC008215,Sample_yangzhou_199_128,3.12
SAMC008216,Sample_yangzhou_199_129,3.0800000000000005
SAMC008217,Sample_yangzhou_199_13,3.12
SAMC008218,Sample_yangzhou_199_130,3.28
SAMC008219,Sample_yangzhou_199_131,3.3499999999999996
SAMC008220,Sample_yangzhou_199_132,3.375
SAMC008221,Sample_yangzhou_199_133,3.04
SAMC008222,Sample_yangzhou_199_134,2.9200000000000004
SAMC008223,Sample_yangzhou_199_135,2.94
SAMC008224,Sample_yangzhou_199_136,3.12
SAMC008225,Sample_yangzhou_199_137,2.9250000000000003
SAMC008226,Sample_yangzhou_199_138,2.9799999999999995
SAMC008227,Sample_yangzhou_199_139,3.1750000000000003
SAMC008228,Sample_yangzhou_199_14,3.1750000000000003
SAMC008229,Sample_yangzhou_199_140,2.9
SAMC008230,Sample_yangzhou_199_141,2.84
SAMC008231,Sample_yangzhou_199_142,3.16
SAMC008232,Sample_yangzhou_199_143,2.84
SAMC008233,Sample_yangzhou_199_144,3.5200000000000005
SAMC008234,Sample_yangzhou_199_145,3.2
SAMC008235,Sample_yangzhou_199_146,3.2800000000000002
SAMC008236,Sample_yangzhou_199_147,3.7399999999999998
SAMC008237,Sample_yangzhou_199_148,3.55
SAMC008238,Sample_yangzhou_199_149,3.5
SAMC008239,Sample_yangzhou_199_15,3.2599999999999993
SAMC008240,Sample_yangzhou_199_150,3.44
SAMC008241,Sample_yangzhou_199_151,3.44
SAMC008242,Sample_yangzhou_199_152,3.1
SAMC008243,Sample_yangzhou_199_153,3.3
SAMC008244,Sample_yangzhou_199_154,3.3
SAMC008245,Sample_yangzhou_199_155,3.6399999999999997
SAMC008246,Sample_yangzhou_199_156,3.16
SAMC008247,Sample_yangzhou_199_157,3.44
SAMC008248,Sample_yangzhou_199_158,3.46
SAMC008249,Sample_yangzhou_199_159,3.18
SAMC008250,Sample_yangzhou_199_16,3.2399999999999998
SAMC008251,Sample_yangzhou_199_160,2.94
SAMC008252,Sample_yangzhou_199_161,3.16
SAMC008253,Sample_yangzhou_199_162,3.16
SAMC008254,Sample_yangzhou_199_163,3.1
SAMC008255,Sample_yangzhou_199_164,3.1799999999999997
SAMC008256,Sample_yangzhou_199_165,3.18
SAMC008257,Sample_yangzhou_199_166,3.1
SAMC008258,Sample_yangzhou_199_167,3.2400000000000007
SAMC008259,Sample_yangzhou_199_168,2.96
SAMC008260,Sample_yangzhou_199_169,3.22
SAMC008261,Sample_yangzhou_199_17,3.2599999999999993
SAMC008262,Sample_yangzhou_199_170,3.2199999999999998
SAMC008263,Sample_yangzhou_199_171,2.9
SAMC008264,Sample_yangzhou_199_172,3.0
SAMC008265,Sample_yangzhou_199_173,3.3
SAMC008266,Sample_yangzhou_199_174,3.3200000000000003
SAMC008267,Sample_yangzhou_199_175,3.1399999999999997
SAMC008268,Sample_yangzhou_199_176,3.0799999999999996
SAMC008269,Sample_yangzhou_199_177,2.84
SAMC008270,Sample_yangzhou_199_178,2.8200000000000003
SAMC008271,Sample_yangzhou_199_179,3.06
SAMC008272,Sample_yangzhou_199_18,3.2400000000000007
SAMC008273,Sample_yangzhou_199_180,3.1399999999999997
SAMC008274,Sample_yangzhou_199_181,3.1799999999999997
SAMC008275,Sample_yangzhou_199_182,2.66
SAMC008276,Sample_yangzhou_199_183,3.1
SAMC008277,Sample_yangzhou_199_184,3.1799999999999997
SAMC008278,Sample_yangzhou_199_185,3.1799999999999997
SAMC008279,Sample_yangzhou_199_186,3.02
SAMC008280,Sample_yangzhou_199_187,2.7800000000000002
SAMC008281,Sample_yangzhou_199_188,2.6800000000000006
SAMC008282,Sample_yangzhou_199_189,3.1399999999999997
SAMC008283,Sample_yangzhou_199_19,3.3
SAMC008284,Sample_yangzhou_199_190,3.1399999999999997
SAMC008285,Sample_yangzhou_199_191,3.3
SAMC008286,Sample_yangzhou_199_192,2.8
SAMC008287,Sample_yangzhou_199_193,3.0200000000000005
SAMC008288,Sample_yangzhou_199_194,3.34
SAMC008289,Sample_yangzhou_199_195,3.8600000000000003
SAMC008290,Sample_yangzhou_199_196,3.7
SAMC008291,Sample_yangzhou_199_197,3.2599999999999993
SAMC008292,Sample_yangzhou_199_198,3.2599999999999993
SAMC008293,Sample_yangzhou_199_199,3.3
SAMC008294,Sample_yangzhou_199_2,3.2399999999999998
SAMC008295,Sample_yangzhou_199_20,3.34
SAMC008296,Sample_yangzhou_199_21,3.4
SAMC008297,Sample_yangzhou_199_22,3.3200000000000003
SAMC008298,Sample_yangzhou_199_23,3.25
SAMC008299,Sample_yangzhou_199_24,3.1399999999999997
SAMC008300,Sample_yangzhou_199_25,3.34
SAMC008301,Sample_yangzhou_199_26,3.2399999999999998
SAMC008302,Sample_yangzhou_199_27,3.1799999999999997
SAMC008303,Sample_yangzhou_199_28,3.0200000000000005
SAMC008304,Sample_yangzhou_199_29,3.1399999999999997
SAMC008305,Sample_yangzhou_199_3,3.2399999999999998
SAMC008306,Sample_yangzhou_199_30,3.3
SAMC008307,Sample_yangzhou_199_31,3.1
SAMC008308,Sample_yangzhou_199_32,3.3
SAMC008309,Sample_yangzhou_199_33,3.28
SAMC008310,Sample_yangzhou_199_34,3.18
SAMC008311,Sample_yangzhou_199_35,3.28
SAMC008312,Sample_yangzhou_199_36,3.4200000000000004
SAMC008313,Sample_yangzhou_199_37,3.3
SAMC008314,Sample_yangzhou_199_38,3.2750000000000004
SAMC008315,Sample_yangzhou_199_39,2.975
SAMC008316,Sample_yangzhou_199_4,3.2400000000000007
SAMC008317,Sample_yangzhou_199_40,3.2
SAMC008318,Sample_yangzhou_199_41,3.2399999999999998
SAMC008319,Sample_yangzhou_199_42,3.16
SAMC008320,Sample_yangzhou_199_43,3.34
SAMC008321,Sample_yangzhou_199_44,3.4
SAMC008322,Sample_yangzhou_199_45,3.1
SAMC008323,Sample_yangzhou_199_46,3.3800000000000003
SAMC008324,Sample_yangzhou_199_47,3.2999999999999994
SAMC008325,Sample_yangzhou_199_48,3.1399999999999997
SAMC008326,Sample_yangzhou_199_49,3.3333333333333335
SAMC008327,Sample_yangzhou_199_5,3.1399999999999997
SAMC008328,Sample_yangzhou_199_50,3.06
SAMC008329,Sample_yangzhou_199_51,3.2399999999999998
SAMC008330,Sample_yangzhou_199_52,3.16
SAMC008331,Sample_yangzhou_199_53,3.3199999999999994
SAMC008332,Sample_yangzhou_199_54,3.44
SAMC008333,Sample_yangzhou_199_55,3.2600000000000002
SAMC008334,Sample_yangzhou_199_56,3.2600000000000002
SAMC008335,Sample_yangzhou_199_57,3.2400000000000007
SAMC008336,Sample_yangzhou_199_58,3.3600000000000003
SAMC008337,Sample_yangzhou_199_59,3.3600000000000003
SAMC008338,Sample_yangzhou_199_6,3.3200000000000003
SAMC008339,Sample_yangzhou_199_60,3.3199999999999994
SAMC008340,Sample_yangzhou_199_61,3.2600000000000002
SAMC008341,Sample_yangzhou_199_62,3.3
SAMC008342,Sample_yangzhou_199_63,3.22
SAMC008343,Sample_yangzhou_199_64,3.3800000000000003
SAMC008344,Sample_yangzhou_199_65,3.4599999999999995
SAMC008345,Sample_yangzhou_199_66,3.2600000000000002
SAMC008346,Sample_yangzhou_199_67,3.2599999999999993
SAMC008347,Sample_yangzhou_199_68,3.38
SAMC008348,Sample_yangzhou_199_69,3.2800000000000002
SAMC008349,Sample_yangzhou_199_7,3.2600000000000002
SAMC008350,Sample_yangzhou_199_70,3.28
SAMC008351,Sample_yangzhou_199_71,3.3199999999999994
SAMC008352,Sample_yangzhou_199_72,3.2399999999999998
SAMC008353,Sample_yangzhou_199_73,3.1
SAMC008354,Sample_yangzhou_199_74,3.22
SAMC008355,Sample_yangzhou_199_75,3.275
SAMC008356,Sample_yangzhou_199_76,3.3
SAMC008357,Sample_yangzhou_199_77,3.3
SAMC008358,Sample_yangzhou_199_78,3.0200000000000005
SAMC008359,Sample_yangzhou_199_79,2.96
SAMC008360,Sample_yangzhou_199_8,3.125
SAMC008361,Sample_yangzhou_199_80,3.3
SAMC008362,Sample_yangzhou_199_81,3.34
SAMC008363,Sample_yangzhou_199_82,3.22
SAMC008364,Sample_yangzhou_199_83,3.225
SAMC008365,Sample_yangzhou_199_84,2.78
SAMC008366,Sample_yangzhou_199_85,3.3200000000000003
SAMC008367,Sample_yangzhou_199_86,3.08
SAMC008368,Sample_yangzhou_199_87,3.44
SAMC008369,Sample_yangzhou_199_88,3.5
SAMC008370,Sample_yangzhou_199_89,3.3200000000000003
SAMC008371,Sample_yangzhou_199_9,3.1
SAMC008372,Sample_yangzhou_199_90,2.84
SAMC008373,Sample_yangzhou_199_91,3.2399999999999998
SAMC008374,Sample_yangzhou_199_92,3.2400000000000007
SAMC008375,Sample_yangzhou_199_93,3.3600000000000003
SAMC008376,Sample_yangzhou_199_94,3.22
SAMC008377,Sample_yangzhou_199_95,3.16
SAMC008378,Sample_yangzhou_199_96,3.1999999999999997
SAMC008379,Sample_yangzhou_199_97,3.2
SAMC008380,Sample_yangzhou_199_98,3.2599999999999993
SAMC008381,Sample_yangzhou_199_99,3.2600000000000002
SAMC008382,Sample_Y1,3.2250000000000005
SAMC008383,Sample_Y10,3.175
SAMC008384,Sample_Y104,2.966666666666667
SAMC008385,Sample_Y105,3.0500000000000003
SAMC008386,Sample_Y106,3.225
SAMC008387,Sample_Y107,3.3499999999999996
SAMC008388,Sample_Y108,2.725
SAMC008389,Sample_Y109,2.825
SAMC008390,Sample_Y11,3.0250000000000004
SAMC008391,Sample_Y110,3.2
SAMC008392,Sample_Y114,3.3
SAMC008393,Sample_Y12,3.125
SAMC008394,Sample_Y121,2.975
SAMC008395,Sample_Y123,2.95
SAMC008396,Sample_Y125,3.3000000000000003
SAMC008397,Sample_Y13,3.175
SAMC008398,Sample_Y131,2.9749999999999996
SAMC008399,Sample_Y14,3.125
SAMC008400,Sample_Y15,3.15
SAMC008401,Sample_Y17,3.2500000000000004
SAMC008402,Sample_Y18,3.2
SAMC008403,Sample_Y19,3.0999999999999996
SAMC008404,Sample_Y2,2.9000000000000004
SAMC008405,Sample_Y20,2.7
SAMC008406,Sample_Y21,3.0
SAMC008407,Sample_Y210,3.1000000000000005
SAMC008408,Sample_Y219,3.125
SAMC008409,Sample_Y22,3.225
SAMC008410,Sample_Y220,2.8249999999999997
SAMC008411,Sample_Y229,3.1
SAMC008412,Sample_Y23,3.075
SAMC008413,Sample_Y24,2.8
SAMC008414,Sample_Y243,3.3
SAMC008415,Sample_Y244,3.1750000000000003
SAMC008416,Sample_Y245,3.15
SAMC008417,Sample_Y246,3.1999999999999997
SAMC008418,Sample_Y247,2.825
SAMC008419,Sample_Y248,3.2000000000000006
SAMC008420,Sample_Y249,2.9
SAMC008421,Sample_Y25,2.9749999999999996
SAMC008422,Sample_Y250,2.8000000000000003
SAMC008423,Sample_Y251,2.675
SAMC008424,Sample_Y252,3.0
SAMC008425,Sample_Y253,3.125
SAMC008426,Sample_Y254,3.2
SAMC008427,Sample_Y255,2.7
SAMC008428,Sample_Y256,3.025
SAMC008429,Sample_Y257,2.8249999999999997
SAMC008430,Sample_Y3,2.9749999999999996
SAMC008431,Sample_Y4,2.925
SAMC008432,Sample_Y42,3.05
SAMC008433,Sample_Y5,2.8
SAMC008434,Sample_Y6,3.075
SAMC008435,Sample_Y7,3.075
SAMC008436,Sample_Y8,3.2
SAMC008437,Sample_Y86,3.0999999999999996
SAMC008438,Sample_Y87,2.8000000000000003
SAMC008439,Sample_Y88,2.9749999999999996
SAMC008440,Sample_Y9,3.2750000000000004
SAMC008441,Sample_Y90,2.725
SAMC008442,Sample_Y91,2.9749999999999996
SAMC008443,Sample_Y92,2.7750000000000004
SAMC008444,Sample_Y94,3.4
SAMC008445,Sample_Y95,3.325
SAMC008446,Sample_Y96,3.375
SAMC008447,Sample_Y97,3.325
SAMC008448,Sample_Y99,3.325
SAMC008449,Sample_463,3.3666666666666667
SAMC008450,Sample_462,3.2499999999999996
SAMC008451,Sample_461,3.025
SAMC008452,Sample_467,3.575
SAMC008453,Sample_464,3.2999999999999994
SAMC008454,Sample_466,3.3499999999999996
SAMC008455,Sample_465,3.375
SAMC008456,Sample_448,3.325
SAMC008457,Sample_449,3.0250000000000004
SAMC008458,Sample_450,3.1999999999999997
SAMC008459,Sample_455,3.4250000000000003
SAMC008460,Sample_457,3.025
SAMC008461,Sample_458,2.975
SAMC008462,Sample_459,2.875
SAMC008463,Sample_460,3.175
SAMC008464,Sample_1,3.266666666666666
SAMC008465,Sample_10,3.266666666666667
SAMC008466,Sample_100,3.4500000000000006
SAMC008467,Sample_101,3.35
SAMC008468,Sample_102,3.0999999999999996
SAMC008469,Sample_103,3.3833333333333333
SAMC008470,Sample_104,3.0199999999999996
SAMC008471,Sample_105,3.2199999999999998
SAMC008472,Sample_107,3.2000000000000006
SAMC008473,Sample_108,3.266666666666667
SAMC008474,Sample_109,3.283333333333333
SAMC008475,Sample_11,3.0
SAMC008476,Sample_110,2.94
SAMC008477,Sample_111,2.983333333333334
SAMC008478,Sample_112,2.9
SAMC008479,Sample_114,3.0500000000000003
SAMC008480,Sample_115,3.3166666666666664
SAMC008481,Sample_116,3.1999999999999997
SAMC008482,Sample_117,3.3499999999999996
SAMC008483,Sample_118,3.033333333333333
SAMC008484,Sample_119,3.3499999999999996
SAMC008485,Sample_12,3.1999999999999997
SAMC008486,Sample_120,3.4333333333333336
SAMC008487,Sample_121,3.4
SAMC008488,Sample_122,3.25
SAMC008489,Sample_123,3.25
SAMC008490,Sample_124,3.2500000000000004
SAMC008491,Sample_125,3.3
SAMC008492,Sample_126,3.3666666666666667
SAMC008493,Sample_127,3.4
SAMC008494,Sample_128,3.433333333333333
SAMC008495,Sample_13,3.2000000000000006
SAMC008496,Sample_130,2.8666666666666667
SAMC008497,Sample_132,3.1
SAMC008498,Sample_133,3.1166666666666667
SAMC008499,Sample_134,3.4
SAMC008500,Sample_135,3.266666666666667
SAMC008501,Sample_137,3.033333333333333
SAMC008502,Sample_138,3.316666666666667
SAMC008503,Sample_139,3.4333333333333336
SAMC008504,Sample_14,3.9499999999999993
SAMC008505,Sample_140,3.0333333333333328
SAMC008506,Sample_141,3.3400000000000007
SAMC008507,Sample_142,3.1833333333333336
SAMC008508,Sample_143,3.1
SAMC008509,Sample_144,3.233333333333333
SAMC008510,Sample_145,3.016666666666667
SAMC008511,Sample_146,3.0833333333333326
SAMC008512,Sample_147,3.216666666666667
SAMC008513,Sample_148,3.283333333333333
SAMC008514,Sample_149,3.3499999999999996
SAMC008515,Sample_15,3.283333333333333
SAMC008516,Sample_150,3.4499999999999997
SAMC008517,Sample_151,3.283333333333333
SAMC008518,Sample_152,3.2000000000000006
SAMC008519,Sample_153,3.216666666666667
SAMC008520,Sample_154,3.4500000000000006
SAMC008521,Sample_155,3.2833333333333328
SAMC008522,Sample_156,3.1999999999999997
SAMC008523,Sample_157,3.2
SAMC008524,Sample_158,3.066666666666667
SAMC008525,Sample_159,3.216666666666667
SAMC008526,Sample_16,3.3000000000000003
SAMC008527,Sample_160,3.15
SAMC008528,Sample_161,3.0833333333333335
SAMC008529,Sample_162,3.233333333333333
SAMC008530,Sample_164,3.3666666666666667
SAMC008531,Sample_165,3.4499999999999997
SAMC008532,Sample_166,3.3000000000000003
SAMC008533,Sample_168,3.15
SAMC008534,Sample_169,3.0500000000000003
SAMC008535,Sample_17,3.016666666666666
SAMC008536,Sample_170,3.18
SAMC008537,Sample_171,3.35
SAMC008538,Sample_172,3.466666666666667
SAMC008539,Sample_173,3.475
SAMC008540,Sample_174,3.516666666666667
SAMC008541,Sample_175,3.3333333333333326
SAMC008542,Sample_176,3.4666666666666672
SAMC008543,Sample_177,3.525
SAMC008544,Sample_178,3.366666666666666
SAMC008545,Sample_179,3.466666666666667
SAMC008546,Sample_18,3.1999999999999997
SAMC008547,Sample_180,3.4666666666666663
SAMC008548,Sample_181,3.4500000000000006
SAMC008549,Sample_182,3.38
SAMC008550,Sample_183,3.3666666666666667
SAMC008551,Sample_184,3.38
SAMC008552,Sample_185,3.3499999999999996
SAMC008553,Sample_186,3.3166666666666664
SAMC008554,Sample_187,3.4166666666666665
SAMC008555,Sample_188,3.266666666666667
SAMC008556,Sample_189,3.4499999999999997
SAMC008557,Sample_19,3.1999999999999997
SAMC008558,Sample_190,3.4166666666666665
SAMC008559,Sample_191,3.3833333333333333
SAMC008560,Sample_192,3.3166666666666664
SAMC008561,Sample_194,3.3600000000000003
SAMC008562,Sample_196,3.316666666666667
SAMC008563,Sample_197,3.3000000000000003
SAMC008564,Sample_198,3.3166666666666664
SAMC008565,Sample_199,3.3666666666666667
SAMC008566,Sample_2,3.0
SAMC008567,Sample_20,2.9333333333333336
SAMC008568,Sample_200,3.516666666666667
SAMC008569,Sample_201,3.4
SAMC008570,Sample_202,3.4166666666666665
SAMC008571,Sample_203,3.4499999999999997
SAMC008572,Sample_204,3.3166666666666664
SAMC008573,Sample_206,3.4
SAMC008574,Sample_207,3.1399999999999997
SAMC008575,Sample_208,3.4666666666666663
SAMC008576,Sample_209,3.483333333333333
SAMC008577,Sample_21,3.5
SAMC008578,Sample_210,3.1333333333333333
SAMC008579,Sample_211,3.1
SAMC008580,Sample_212,3.1666666666666665
SAMC008581,Sample_213,3.466666666666667
SAMC008582,Sample_214,3.1250000000000004
SAMC008583,Sample_215,3.3166666666666664
SAMC008584,Sample_216,3.4499999999999997
SAMC008585,Sample_217,3.3666666666666667
SAMC008586,Sample_218,3.266666666666666
SAMC008587,Sample_219,3.1500000000000004
SAMC008588,Sample_22,2.9333333333333336
SAMC008589,Sample_220,3.1500000000000004
SAMC008590,Sample_222,3.1333333333333333
SAMC008591,Sample_223,3.4
SAMC008592,Sample_224,3.3666666666666667
SAMC008593,Sample_225,3.2499999999999996
SAMC008594,Sample_226,3.1799999999999997
SAMC008595,Sample_227,3.383333333333334
SAMC008596,Sample_229,3.3200000000000003
SAMC008597,Sample_23,2.88
SAMC008598,Sample_230,3.2499999999999996
SAMC008599,Sample_231,3.3333333333333335
SAMC008600,Sample_232,3.516666666666667
SAMC008601,Sample_233,3.3833333333333333
SAMC008602,Sample_234,3.2500000000000004
SAMC008603,Sample_235,3.4200000000000004
SAMC008604,Sample_236,3.5
SAMC008605,Sample_237,3.483333333333333
SAMC008606,Sample_238,3.4
SAMC008607,Sample_239,3.15
SAMC008608,Sample_24,2.8000000000000003
SAMC008609,Sample_240,3.4166666666666665
SAMC008610,Sample_241,3.0500000000000003
SAMC008611,Sample_242,3.3833333333333333
SAMC008612,Sample_243,3.5
SAMC008613,Sample_244,3.4
SAMC008614,Sample_245,3.316666666666667
SAMC008615,Sample_246,3.4499999999999997
SAMC008616,Sample_247,3.3666666666666667
SAMC008617,Sample_248,3.3600000000000003
SAMC008618,Sample_249,3.22
SAMC008619,Sample_25,3.3333333333333335
SAMC008620,Sample_250,3.4000000000000004
SAMC008621,Sample_251,3.316666666666667
SAMC008622,Sample_252,3.3666666666666667
SAMC008623,Sample_253,3.4333333333333336
SAMC008624,Sample_254,3.416666666666666
SAMC008625,Sample_255,2.9333333333333336
SAMC008626,Sample_256,3.316666666666667
SAMC008627,Sample_257,3.4333333333333336
SAMC008628,Sample_258,3.4333333333333336
SAMC008629,Sample_259,3.233333333333333
SAMC008630,Sample_26,3.0599999999999996
SAMC008631,Sample_260,3.1999999999999997
SAMC008632,Sample_261,3.3666666666666667
SAMC008633,Sample_262,3.25
SAMC008634,Sample_263,3.1166666666666667
SAMC008635,Sample_265,3.3833333333333333
SAMC008636,Sample_266,3.3000000000000003
SAMC008637,Sample_267,3.4166666666666665
SAMC008638,Sample_268,3.3333333333333335
SAMC008639,Sample_269,3.4166666666666665
SAMC008640,Sample_27,2.983333333333333
SAMC008641,Sample_270,3.483333333333334
SAMC008642,Sample_271,3.483333333333333
SAMC008643,Sample_272,3.3333333333333326
SAMC008644,Sample_273,3.2999999999999994
SAMC008645,Sample_275,3.3
SAMC008646,Sample_276,3.3666666666666667
SAMC008647,Sample_277,3.266666666666667
SAMC008648,Sample_278,3.3333333333333335
SAMC008649,Sample_279,3.3499999999999996
SAMC008650,Sample_28,3.2166666666666663
SAMC008651,Sample_280,3.4000000000000004
SAMC008652,Sample_281,3.2249999999999996
SAMC008653,Sample_282,3.25
SAMC008654,Sample_283,3.3666666666666667
SAMC008655,Sample_284,3.2999999999999994
SAMC008656,Sample_285,3.2166666666666663
SAMC008657,Sample_286,3.4166666666666674
SAMC008658,Sample_287,3.4
SAMC008659,Sample_288,3.3833333333333333
SAMC008660,Sample_289,3.183333333333333
SAMC008661,Sample_29,3.3400000000000007
SAMC008662,Sample_290,3.3833333333333333
SAMC008663,Sample_291,3.283333333333333
SAMC008664,Sample_292,3.516666666666666
SAMC008665,Sample_293,3.3833333333333333
SAMC008666,Sample_294,3.3333333333333335
SAMC008667,Sample_295,3.1
SAMC008668,Sample_296,3.3166666666666664
SAMC008669,Sample_297,3.5833333333333326
SAMC008670,Sample_299,3.25
SAMC008671,Sample_3,3.15
SAMC008672,Sample_30,2.8333333333333335
SAMC008673,Sample_300,3.3666666666666667
SAMC008674,Sample_301,3.3666666666666667
SAMC008675,Sample_302,3.3166666666666664
SAMC008676,Sample_303,3.3499999999999996
SAMC008677,Sample_304,3.1666666666666665
SAMC008678,Sample_305,3.2
SAMC008679,Sample_306,3.1500000000000004
SAMC008680,Sample_307,3.0799999999999996
SAMC008681,Sample_308,3.16
SAMC008682,Sample_309,3.1199999999999997
SAMC008683,Sample_31,3.3833333333333333
SAMC008684,Sample_310,3.0833333333333335
SAMC008685,Sample_311,3.12
SAMC008686,Sample_312,3.08
SAMC008687,Sample_313,3.35
SAMC008688,Sample_314,3.1999999999999997
SAMC008689,Sample_315,3.1333333333333333
SAMC008690,Sample_316,3.4
SAMC008691,Sample_317,3.35
SAMC008692,Sample_318,3.1500000000000004
SAMC008693,Sample_319,3.233333333333333
SAMC008694,Sample_32,3.483333333333334
SAMC008695,Sample_320,3.4
SAMC008696,Sample_321,3.4166666666666665
SAMC008697,Sample_322,3.2750000000000004
SAMC008698,Sample_323,3.4799999999999995
SAMC008699,Sample_324,3.283333333333333
SAMC008700,Sample_325,3.3000000000000003
SAMC008701,Sample_326,3.4333333333333336
SAMC008702,Sample_327,3.266666666666666
SAMC008703,Sample_328,3.3666666666666667
SAMC008704,Sample_329,3.3800000000000003
SAMC008705,Sample_33,3.383333333333333
SAMC008706,Sample_331,3.2600000000000002
SAMC008707,Sample_332,3.3499999999999996
SAMC008708,Sample_333,3.283333333333333
SAMC008709,Sample_334,3.466666666666667
SAMC008710,Sample_335,3.3333333333333335
SAMC008711,Sample_336,3.266666666666667
SAMC008712,Sample_337,3.316666666666667
SAMC008713,Sample_338,3.2400000000000007
SAMC008714,Sample_339,3.3499999999999996
SAMC008715,Sample_34,3.16
SAMC008716,Sample_340,3.3666666666666667
SAMC008717,Sample_341,3.2
SAMC008718,Sample_342,3.25
SAMC008719,Sample_343,3.3166666666666664
SAMC008720,Sample_344,3.483333333333333
SAMC008721,Sample_345,3.25
SAMC008722,Sample_346,3.266666666666666
SAMC008723,Sample_347,3.1166666666666667
SAMC008724,Sample_348,3.2600000000000002
SAMC008725,Sample_349,3.2
SAMC008726,Sample_35,3.3
SAMC008727,Sample_350,3.12
SAMC008728,Sample_351,3.1999999999999997
SAMC008729,Sample_352,3.0833333333333335
SAMC008730,Sample_353,3.1833333333333336
SAMC008731,Sample_354,3.1999999999999997
SAMC008732,Sample_355,3.316666666666667
SAMC008733,Sample_356,3.35
SAMC008734,Sample_357,3.3166666666666664
SAMC008735,Sample_358,3.15
SAMC008736,Sample_359,3.4000000000000004
SAMC008737,Sample_36,3.5000000000000004
SAMC008738,Sample_360,3.3666666666666667
SAMC008739,Sample_361,3.283333333333333
SAMC008740,Sample_362,3.2166666666666663
SAMC008741,Sample_363,3.6
SAMC008742,Sample_364,3.2833333333333337
SAMC008743,Sample_365,3.433333333333333
SAMC008744,Sample_366,3.3833333333333333
SAMC008745,Sample_367,3.233333333333333
SAMC008746,Sample_368,3.5833333333333335
SAMC008747,Sample_37,3.616666666666667
SAMC008748,Sample_370,3.1999999999999993
SAMC008749,Sample_371,3.1833333333333336
SAMC008750,Sample_372,3.2499999999999996
SAMC008751,Sample_373,3.1833333333333336
SAMC008752,Sample_374,3.183333333333333
SAMC008753,Sample_375,3.15
SAMC008754,Sample_376,3.2833333333333337
SAMC008755,Sample_377,3.2600000000000002
SAMC008756,Sample_378,3.34
SAMC008757,Sample_379,3.4
SAMC008758,Sample_38,3.466666666666667
SAMC008759,Sample_380,3.1166666666666667
SAMC008760,Sample_381,3.1999999999999997
SAMC008761,Sample_382,3.1999999999999997
SAMC008762,Sample_383,3.4333333333333336
SAMC008763,Sample_384,3.4999999999999996
SAMC008764,Sample_385,3.3000000000000003
SAMC008765,Sample_386,3.4
SAMC008766,Sample_387,3.12
SAMC008767,Sample_388,3.233333333333333
SAMC008768,Sample_389,3.0833333333333335
SAMC008769,Sample_39,3.383333333333333
SAMC008770,Sample_390,3.216666666666667
SAMC008771,Sample_391,3.233333333333334
SAMC008772,Sample_392,3.1666666666666665
SAMC008773,Sample_393,3.25
SAMC008774,Sample_396,3.216666666666667
SAMC008775,Sample_397,3.1833333333333336
SAMC008776,Sample_398,3.266666666666666
SAMC008777,Sample_399,3.3000000000000003
SAMC008778,Sample_4,3.216666666666667
SAMC008779,Sample_40,3.4166666666666665
SAMC008780,Sample_401,3.1333333333333333
SAMC008781,Sample_402,3.483333333333334
SAMC008782,Sample_403,3.1500000000000004
SAMC008783,Sample_404,3.5
SAMC008784,Sample_405,3.0999999999999996
SAMC008785,Sample_406,3.3000000000000003
SAMC008786,Sample_407,3.216666666666667
SAMC008787,Sample_408,3.0999999999999996
SAMC008788,Sample_409,3.216666666666667
SAMC008789,Sample_41,3.483333333333333
SAMC008790,Sample_410,2.9
SAMC008791,Sample_411,3.1666666666666665
SAMC008792,Sample_412,3.25
SAMC008793,Sample_414,3.3833333333333333
SAMC008794,Sample_415,3.3666666666666667
SAMC008795,Sample_417,3.3
SAMC008796,Sample_419,3.5
SAMC008797,Sample_42,3.375
SAMC008798,Sample_420,3.08
SAMC008799,Sample_421,3.3666666666666667
SAMC008800,Sample_422,3.233333333333333
SAMC008801,Sample_424,3.1500000000000004
SAMC008802,Sample_425,3.1399999999999997
SAMC008803,Sample_426,3.0500000000000003
SAMC008804,Sample_427,3.2999999999999994
SAMC008805,Sample_428,3.1166666666666667
SAMC008806,Sample_429,3.3333333333333335
SAMC008807,Sample_43,3.033333333333333
SAMC008808,Sample_430,3.1833333333333336
SAMC008809,Sample_431,3.1799999999999997
SAMC008810,Sample_432,3.25
SAMC008811,Sample_433,3.4333333333333336
SAMC008812,Sample_434,3.233333333333333
SAMC008813,Sample_435,3.3333333333333335
SAMC008814,Sample_436,3.133333333333333
SAMC008815,Sample_437,3.2
SAMC008816,Sample_438,3.1166666666666667
SAMC008817,Sample_439,3.1999999999999997
SAMC008818,Sample_44,3.383333333333333
SAMC008819,Sample_440,3.18
SAMC008820,Sample_441,3.283333333333333
SAMC008821,Sample_442,3.266666666666666
SAMC008822,Sample_443,3.0833333333333335
SAMC008823,Sample_444,3.133333333333333
SAMC008824,Sample_445,3.3166666666666664
SAMC008825,Sample_446,2.82
SAMC008826,Sample_447,3.4799999999999995
SAMC008827,Sample_45,3.4499999999999997
SAMC008828,Sample_46,3.46
SAMC008829,Sample_47,3.466666666666667
SAMC008830,Sample_48,3.283333333333333
SAMC008831,Sample_49,3.383333333333333
SAMC008832,Sample_5,3.1999999999999997
SAMC008833,Sample_50,3.3833333333333333
SAMC008834,Sample_51,3.7999999999999994
SAMC008835,Sample_52,3.3166666666666664
SAMC008836,Sample_53,3.35
SAMC008837,Sample_54,3.3833333333333333
SAMC008838,Sample_55,3.4000000000000004
SAMC008839,Sample_56,3.383333333333333
SAMC008840,Sample_57,3.266666666666667
SAMC008841,Sample_59,3.433333333333333
SAMC008842,Sample_6,3.25
SAMC008843,Sample_60,3.25
SAMC008844,Sample_61,3.4
SAMC008845,Sample_62,3.4333333333333336
SAMC008846,Sample_63,3.4500000000000006
SAMC008847,Sample_64,3.7000000000000006
SAMC008848,Sample_65,3.483333333333334
SAMC008849,Sample_66,3.1999999999999997
SAMC008850,Sample_67,3.3000000000000003
SAMC008851,Sample_68,3.266666666666667
SAMC008852,Sample_69,3.3000000000000003
SAMC008853,Sample_7,3.016666666666667
SAMC008854,Sample_70,3.35
SAMC008855,Sample_71,3.3833333333333333
SAMC008856,Sample_72,3.3166666666666664
SAMC008857,Sample_73,3.1500000000000004
SAMC008858,Sample_74,3.4333333333333336
SAMC008859,Sample_75,3.4999999999999996
SAMC008860,Sample_76,3.4
SAMC008861,Sample_77,3.2249999999999996
SAMC008862,Sample_78,3.3000000000000003
SAMC008863,Sample_79,3.316666666666667
SAMC008864,Sample_8,3.3666666666666667
SAMC008865,Sample_80,3.2399999999999998
SAMC008866,Sample_81,3.3166666666666664
SAMC008867,Sample_82,3.15
SAMC008868,Sample_83,3.5
SAMC008869,Sample_84,3.4000000000000004
SAMC008870,Sample_85,2.9499999999999997
SAMC008871,Sample_87,3.283333333333333
SAMC008872,Sample_88,3.283333333333333
SAMC008873,Sample_89,3.283333333333333
SAMC008874,Sample_9,3.1500000000000004
SAMC008875,Sample_90,2.96
SAMC008876,Sample_91,3.4166666666666665
SAMC008877,Sample_92,3.3333333333333335
SAMC008878,Sample_93,3.183333333333333
SAMC008879,Sample_94,3.3000000000000003
SAMC008880,Sample_95,3.1999999999999997
SAMC008881,Sample_96,3.4499999999999997
SAMC008882,Sample_97,2.983333333333333
SAMC008883,Sample_98,3.516666666666667
SAMC008884,Sample_99,3.033333333333333
SAMC008885,Sample_468,3.175
SAMC008886,Sample_478,3.075
SAMC008887,Sample_479,3.175
SAMC008888,Sample_480,3.2
SAMC008889,Sample_481,3.2249999999999996
SAMC008890,Sample_482,3.0999999999999996
SAMC008891,Sample_470,3.3000000000000003
SAMC008892,Sample_471,3.175
SAMC008893,Sample_472,3.375
SAMC008894,Sample_473-1,3.3
SAMC008895,Sample_474,3.2
SAMC008896,Sample_475,3.2750000000000004
SAMC008897,Sample_476,3.225
SAMC008898,Sample_477,3.125
SAMC071937,Sample_GS179,
SAMC071938,Sample_GS190,
SAMC071939,Sample_GS193,
SAMC071940,Sample_GS202,
SAMC071941,Sample_GS208,
SAMC071942,Sample_GS209,
SAMC071943,Sample_GS210,
SAMC071944,Sample_GS211,
SAMC071945,Sample_GS212,
SAMC071946,Sample_GS217,
SAMC071947,Sample_GS218,
SAMC071948,Sample_GS228,
SAMC071949,Sample_GS230,
SAMC071950,Sample_GS232,
SAMC071951,Sample_GS233,
SAMC071952,Sample_GS234,
SAMC071953,Sample_GS235,
SAMC071954,Sample_L1,2.6500000000000004
SAMC071955,Sample_L10,2.575
SAMC071956,Sample_L11,2.775
SAMC071957,Sample_L13,3.1666666666666665
SAMC071958,Sample_L14,3.05
SAMC071959,Sample_L15,2.55
SAMC071960,Sample_L16,2.7
SAMC071961,Sample_L17,2.6500000000000004
SAMC071962,Sample_L18,2.7
SAMC071963,Sample_L19,2.95
SAMC071964,Sample_L2,2.6500000000000004
SAMC071965,Sample_L20,2.775
SAMC071966,Sample_L21,2.55
SAMC071967,Sample_L22,2.675
SAMC071968,Sample_L23,2.6
SAMC071969,Sample_L24,2.75
SAMC071970,Sample_L25,2.8333333333333335
SAMC071971,Sample_L26,2.8
SAMC071972,Sample_L27,2.5
SAMC071973,Sample_L28,2.5999999999999996
SAMC071974,Sample_L29,2.3499999999999996
SAMC071975,Sample_L3,2.55
SAMC071976,Sample_L4,2.6
SAMC071977,Sample_L5,2.6250000000000004
SAMC071978,Sample_L6,2.8249999999999997
SAMC071979,Sample_L7,2.9000000000000004
SAMC071980,Sample_L8,2.825
SAMC071981,Sample_L9,2.533333333333333
SAMC071982,Sample_yangzhou_226_1,2.56
SAMC071983,Sample_yangzhou_226_10,2.58
SAMC071984,Sample_yangzhou_226_100,2.68
SAMC071985,Sample_yangzhou_226_101,2.6799999999999997
SAMC071986,Sample_yangzhou_226_102,2.6799999999999997
SAMC071987,Sample_yangzhou_226_103,2.7599999999999993
SAMC071988,Sample_yangzhou_226_104,2.7399999999999998
SAMC071989,Sample_yangzhou_226_105,3.12
SAMC071990,Sample_yangzhou_226_106,2.6399999999999997
SAMC071991,Sample_yangzhou_226_107,2.7
SAMC071992,Sample_yangzhou_226_108,2.84
SAMC071993,Sample_yangzhou_226_109,2.7
SAMC071994,Sample_yangzhou_226_11,2.36
SAMC071995,Sample_yangzhou_226_110,2.72
SAMC071996,Sample_yangzhou_226_111,2.74
SAMC071997,Sample_yangzhou_226_112,2.56
SAMC071998,Sample_yangzhou_226_113,2.58
SAMC071999,Sample_yangzhou_226_114,2.4400000000000004
SAMC072000,Sample_yangzhou_226_115,2.6500000000000004
SAMC072001,Sample_yangzhou_226_116,2.58
SAMC072002,Sample_yangzhou_226_117,2.6
SAMC072003,Sample_yangzhou_226_118,2.62
SAMC072004,Sample_yangzhou_226_119,2.6
SAMC072005,Sample_yangzhou_226_12,2.3
SAMC072006,Sample_yangzhou_226_120,2.64
SAMC072007,Sample_yangzhou_226_121,2.7399999999999993
SAMC072008,Sample_yangzhou_226_122,2.9
SAMC072009,Sample_yangzhou_226_123,2.766666666666667
SAMC072010,Sample_yangzhou_226_124,2.8400000000000003
SAMC072011,Sample_yangzhou_226_125,2.8
SAMC072012,Sample_yangzhou_226_126,2.7399999999999998
SAMC072013,Sample_yangzhou_226_127,2.6500000000000004
SAMC072014,Sample_yangzhou_226_128,2.7
SAMC072015,Sample_yangzhou_226_129,2.7
SAMC072016,Sample_yangzhou_226_13,2.7
SAMC072017,Sample_yangzhou_226_130,2.68
SAMC072018,Sample_yangzhou_226_131,2.7800000000000002
SAMC072019,Sample_yangzhou_226_132,2.6399999999999997
SAMC072020,Sample_yangzhou_226_133,2.675
SAMC072021,Sample_yangzhou_226_134,2.52
SAMC072022,Sample_yangzhou_226_135,2.56
SAMC072023,Sample_yangzhou_226_136,2.74
SAMC072024,Sample_yangzhou_226_137,2.6800000000000006
SAMC072025,Sample_yangzhou_226_138,2.56
SAMC072026,Sample_yangzhou_226_139,2.675
SAMC072027,Sample_yangzhou_226_14,2.3
SAMC072028,Sample_yangzhou_226_140,2.78
SAMC072029,Sample_yangzhou_226_141,2.9200000000000004
SAMC072030,Sample_yangzhou_226_142,2.82
SAMC072031,Sample_yangzhou_226_143,2.6199999999999997
SAMC072032,Sample_yangzhou_226_144,2.6399999999999997
SAMC072033,Sample_yangzhou_226_145,2.7600000000000002
SAMC072034,Sample_yangzhou_226_146,2.6199999999999997
SAMC072035,Sample_yangzhou_226_147,2.6799999999999997
SAMC072036,Sample_yangzhou_226_148,2.7199999999999998
SAMC072037,Sample_yangzhou_226_149,2.66
SAMC072038,Sample_yangzhou_226_15,2.4
SAMC072039,Sample_yangzhou_226_150,2.98
SAMC072040,Sample_yangzhou_226_151,2.4250000000000003
SAMC072041,Sample_yangzhou_226_152,2.55
SAMC072042,Sample_yangzhou_226_153,2.525
SAMC072043,Sample_yangzhou_226_154,2.6500000000000004
SAMC072044,Sample_yangzhou_226_155,2.6
SAMC072045,Sample_yangzhou_226_156,2.8
SAMC072046,Sample_yangzhou_226_157,2.55
SAMC072047,Sample_yangzhou_226_158,3.0999999999999996
SAMC072048,Sample_yangzhou_226_159,2.75
SAMC072049,Sample_yangzhou_226_16,2.6
SAMC072050,Sample_yangzhou_226_160,2.675
SAMC072051,Sample_yangzhou_226_161,2.62
SAMC072052,Sample_yangzhou_226_162,3.02
SAMC072053,Sample_yangzhou_226_163,2.58
SAMC072054,Sample_yangzhou_226_164,2.7750000000000004
SAMC072055,Sample_yangzhou_226_165,3.0999999999999996
SAMC072056,Sample_yangzhou_226_166,2.55
SAMC072057,Sample_yangzhou_226_167,2.38
SAMC072058,Sample_yangzhou_226_168,3.1
SAMC072059,Sample_yangzhou_226_169,2.5799999999999996
SAMC072060,Sample_yangzhou_226_17,2.8400000000000003
SAMC072061,Sample_yangzhou_226_170,2.38
SAMC072062,Sample_yangzhou_226_171,2.36
SAMC072063,Sample_yangzhou_226_172,2.3600000000000003
SAMC072064,Sample_yangzhou_226_173,2.44
SAMC072065,Sample_yangzhou_226_174,2.6
SAMC072066,Sample_yangzhou_226_175,2.2
SAMC072067,Sample_yangzhou_226_176,2.2600000000000002
SAMC072068,Sample_yangzhou_226_177,2.34
SAMC072069,Sample_yangzhou_226_178,2.2800000000000002
SAMC072070,Sample_yangzhou_226_179,2.44
SAMC072071,Sample_yangzhou_226_18,2.34
SAMC072072,Sample_yangzhou_226_180,3.2600000000000002
SAMC072073,Sample_yangzhou_226_182,2.32
SAMC072074,Sample_yangzhou_226_183,2.3000000000000003
SAMC072075,Sample_yangzhou_226_184,2.2600000000000002
SAMC072076,Sample_yangzhou_226_185,2.1800000000000006
SAMC072077,Sample_yangzhou_226_186,2.3
SAMC072078,Sample_yangzhou_226_187,2.28
SAMC072079,Sample_yangzhou_226_188,2.2199999999999998
SAMC072080,Sample_yangzhou_226_189,2.6
SAMC072081,Sample_yangzhou_226_19,2.48
SAMC072082,Sample_yangzhou_226_190,2.62
SAMC072083,Sample_yangzhou_226_191,2.44
SAMC072084,Sample_yangzhou_226_192,2.62
SAMC072085,Sample_yangzhou_226_193,2.2600000000000002
SAMC072086,Sample_yangzhou_226_194,2.48
SAMC072087,Sample_yangzhou_226_195,2.7800000000000002
SAMC072088,Sample_yangzhou_226_196,2.66
SAMC072089,Sample_yangzhou_226_197,2.96
SAMC072090,Sample_yangzhou_226_198,2.6399999999999997
SAMC072091,Sample_yangzhou_226_199,2.66
SAMC072092,Sample_yangzhou_226_2,2.6
SAMC072093,Sample_yangzhou_226_20,2.56
SAMC072094,Sample_yangzhou_226_200,3.2199999999999998
SAMC072095,Sample_yangzhou_226_201,2.8
SAMC072096,Sample_yangzhou_226_202,2.9
SAMC072097,Sample_yangzhou_226_203,2.38
SAMC072098,Sample_yangzhou_226_204,2.54
SAMC072099,Sample_yangzhou_226_205,2.42
SAMC072100,Sample_yangzhou_226_206,2.42
SAMC072101,Sample_yangzhou_226_207,2.56
SAMC072102,Sample_yangzhou_226_208,2.66
SAMC072103,Sample_yangzhou_226_209,2.6399999999999997
SAMC072104,Sample_yangzhou_226_21,2.66
SAMC072105,Sample_yangzhou_226_210,2.9400000000000004
SAMC072106,Sample_yangzhou_226_211,2.2
SAMC072107,Sample_yangzhou_226_212,2.7
SAMC072108,Sample_yangzhou_226_213,2.7000000000000006
SAMC072109,Sample_yangzhou_226_214,2.3
SAMC072110,Sample_yangzhou_226_215,2.42
SAMC072111,Sample_yangzhou_226_216,2.22
SAMC072112,Sample_yangzhou_226_217,2.4200000000000004
SAMC072113,Sample_yangzhou_226_218,2.2399999999999998
SAMC072114,Sample_yangzhou_226_219,2.6
SAMC072115,Sample_yangzhou_226_22,2.4799999999999995
SAMC072116,Sample_yangzhou_226_220,2.54
SAMC072117,Sample_yangzhou_226_221,2.58
SAMC072118,Sample_yangzhou_226_222,2.3
SAMC072119,Sample_yangzhou_226_223,2.6199999999999997
SAMC072120,Sample_yangzhou_226_224,2.34
SAMC072121,Sample_yangzhou_226_225,2.4
SAMC072122,Sample_yangzhou_226_226,2.5599999999999996
SAMC072123,Sample_yangzhou_226_227,
SAMC072124,Sample_yangzhou_226_228,
SAMC072125,Sample_yangzhou_226_23,2.7599999999999993
SAMC072126,Sample_yangzhou_226_24,2.4
SAMC072127,Sample_yangzhou_226_25,2.6399999999999997
SAMC072128,Sample_yangzhou_226_26,2.5599999999999996
SAMC072129,Sample_yangzhou_226_27,2.6199999999999997
SAMC072130,Sample_yangzhou_226_28,2.82
SAMC072131,Sample_yangzhou_226_29,3.16
SAMC072132,Sample_yangzhou_226_3,3.04
SAMC072133,Sample_yangzhou_226_30,2.4800000000000004
SAMC072134,Sample_yangzhou_226_31,2.34
SAMC072135,Sample_yangzhou_226_32,2.56
SAMC072136,Sample_yangzhou_226_33,2.62
SAMC072137,Sample_yangzhou_226_34,2.75
SAMC072138,Sample_yangzhou_226_35,2.4
SAMC072139,Sample_yangzhou_226_36,2.3600000000000003
SAMC072140,Sample_yangzhou_226_37,2.575
SAMC072141,Sample_yangzhou_226_38,2.7
SAMC072142,Sample_yangzhou_226_39,2.6
SAMC072143,Sample_yangzhou_226_4,2.5800000000000005
SAMC072144,Sample_yangzhou_226_40,2.525
SAMC072145,Sample_yangzhou_226_41,2.375
SAMC072146,Sample_yangzhou_226_42,2.55
SAMC072147,Sample_yangzhou_226_43,2.75
SAMC072148,Sample_yangzhou_226_44,2.533333333333333
SAMC072149,Sample_yangzhou_226_45,2.55
SAMC072150,Sample_yangzhou_226_46,2.55
SAMC072151,Sample_yangzhou_226_47,2.733333333333333
SAMC072152,Sample_yangzhou_226_48,2.45
SAMC072153,Sample_yangzhou_226_49,2.525
SAMC072154,Sample_yangzhou_226_5,2.4
SAMC072155,Sample_yangzhou_226_50,2.675
SAMC072156,Sample_yangzhou_226_51,2.8333333333333335
SAMC072157,Sample_yangzhou_226_53,2.625
SAMC072158,Sample_yangzhou_226_54,2.72
SAMC072159,Sample_yangzhou_226_55,2.7399999999999998
SAMC072160,Sample_yangzhou_226_56,2.8600000000000003
SAMC072161,Sample_yangzhou_226_57,2.7199999999999998
SAMC072162,Sample_yangzhou_226_58,2.98
SAMC072163,Sample_yangzhou_226_59,3.02
SAMC072164,Sample_yangzhou_226_6,2.8
SAMC072165,Sample_yangzhou_226_60,2.78
SAMC072166,Sample_yangzhou_226_61,2.98
SAMC072167,Sample_yangzhou_226_62,2.6
SAMC072168,Sample_yangzhou_226_63,2.8000000000000003
SAMC072169,Sample_yangzhou_226_64,2.8600000000000003
SAMC072170,Sample_yangzhou_226_65,2.96
SAMC072171,Sample_yangzhou_226_66,2.82
SAMC072172,Sample_yangzhou_226_67,2.78
SAMC072173,Sample_yangzhou_226_68,3.0799999999999996
SAMC072174,Sample_yangzhou_226_69,2.6399999999999997
SAMC072175,Sample_yangzhou_226_7,2.7
SAMC072176,Sample_yangzhou_226_70,2.9
SAMC072177,Sample_yangzhou_226_71,2.56
SAMC072178,Sample_yangzhou_226_72,2.7199999999999998
SAMC072179,Sample_yangzhou_226_73,2.7600000000000002
SAMC072180,Sample_yangzhou_226_74,2.78
SAMC072181,Sample_yangzhou_226_75,2.8600000000000003
SAMC072182,Sample_yangzhou_226_76,2.46
SAMC072183,Sample_yangzhou_226_77,2.7600000000000002
SAMC072184,Sample_yangzhou_226_78,2.475
SAMC072185,Sample_yangzhou_226_79,2.66
SAMC072186,Sample_yangzhou_226_8,3.1399999999999997
SAMC072187,Sample_yangzhou_226_80,2.3
SAMC072188,Sample_yangzhou_226_81,2.62
SAMC072189,Sample_yangzhou_226_82,2.5800000000000005
SAMC072190,Sample_yangzhou_226_83,2.575
SAMC072191,Sample_yangzhou_226_84,2.6799999999999997
SAMC072192,Sample_yangzhou_226_85,2.5200000000000005
SAMC072193,Sample_yangzhou_226_86,3.06
SAMC072194,Sample_yangzhou_226_87,2.96
SAMC072195,Sample_yangzhou_226_88,2.7600000000000002
SAMC072196,Sample_yangzhou_226_89,2.7199999999999998
SAMC072197,Sample_yangzhou_226_9,2.9999999999999996
SAMC072198,Sample_yangzhou_226_90,2.7399999999999998
SAMC072199,Sample_yangzhou_226_91,2.56
SAMC072200,Sample_yangzhou_226_92,2.62
SAMC072201,Sample_yangzhou_226_93,3.04
SAMC072202,Sample_yangzhou_226_94,2.7
SAMC072203,Sample_yangzhou_226_95,2.8600000000000003
SAMC072204,Sample_yangzhou_226_96,2.475
SAMC072205,Sample_yangzhou_226_97,3.1
SAMC072206,Sample_yangzhou_226_98,2.3199999999999994
SAMC072207,Sample_yangzhou_226_99,2.78
SAMC072208,Sample_YCX331,
SAMC072209,Sample_YCX332,
SAMC072210,Sample_YCX333,2.5666666666666664
SAMC072211,Sample_YCX334,2.466666666666667
SAMC072212,Sample_YCX335,2.4
SAMC072213,Sample_YCX336,2.3
SAMC072214,Sample_YCX337,2.4
SAMC072215,Sample_YCX338,2.5
SAMC072216,Sample_YCX339,2.5
SAMC072217,Sample_YCX340,2.333333333333333
SAMC072218,Sample_YCX341,2.3
SAMC072219,Sample_YCX342,2.2666666666666666
SAMC072220,Sample_YCX343,2.233333333333334
SAMC072221,Sample_YCX344,2.4
SAMC072222,Sample_YCX345,2.1333333333333333
SAMC072223,Sample_YCX346,2.2666666666666666
SAMC072224,Sample_YCX347,2.333333333333333
SAMC072225,Sample_YCX348,2.1
SAMC072226,Sample_YCX349,2.2333333333333334
SAMC072227,Sample_YCX350,2.333333333333333
SAMC072228,Sample_YCX351,2.2333333333333334
SAMC072229,Sample_YCX352,2.4
SAMC072230,Sample_YCX353,2.2333333333333334
SAMC072231,Sample_YCX354,2.4
SAMC072232,Sample_YCX355,2.333333333333333
SAMC072233,Sample_YCX356,2.466666666666667
SAMC072234,Sample_YCX357,2.2333333333333334
SAMC072235,Sample_YCX358,2.3333333333333335
SAMC072236,Sample_YCX359,2.3
SAMC072237,Sample_YCX360,2.5
SAMC072238,Sample_YCX361,2.6333333333333333
SAMC072239,Sample_YCX362,2.5
SAMC072240,Sample_YCX363,2.566666666666667
SAMC072241,Sample_YCX364,2.466666666666667
SAMC072242,Sample_YCX365,2.566666666666667
SAMC072243,Sample_YCX366,2.733333333333333
SAMC072244,Sample_YCX367,2.6999999999999997
SAMC072245,Sample_YCX368,2.6333333333333333
SAMC072246,Sample_YCX369,3.466666666666667
SAMC072247,Sample_YCX370,2.866666666666667
SAMC072248,Sample_YCX371,2.566666666666667
SAMC072249,Sample_YCX372,2.9
SAMC072250,Sample_YCX373,2.6666666666666665
SAMC072251,Sample_YCX374,2.6999999999999997
SAMC072252,Sample_YCX375,2.5
SAMC072253,Sample_YCX376,2.6333333333333333
SAMC072254,Sample_YCX377,2.6333333333333333
SAMC072255,Sample_YCX378,2.5333333333333337
SAMC072256,Sample_YCX379,2.5
SAMC072257,Sample_YCX380,2.3
SAMC072258,Sample_YCX381,2.6
SAMC072259,Sample_YCX382,2.6666666666666665
SAMC072260,Sample_YCX383,2.533333333333333
SAMC072261,Sample_YCX384,2.6666666666666665
SAMC072262,Sample_YCX385,2.533333333333333
SAMC072263,Sample_YCX386,2.5
SAMC072264,Sample_YCX387,2.6666666666666665
SAMC072265,Sample_YCX388,2.766666666666667
SAMC072266,Sample_YCX389,2.55
SAMC072267,Sample_YCX390,2.6
SAMC072268,Sample_YCX391,2.5666666666666664
SAMC072269,Sample_YCX392,2.766666666666667
SAMC072270,Sample_YCX393,2.733333333333334
